city,country,lat,lon,season_aegypti_1991_2020,season_albopictus_1991_2020,season_aegypti_1961_1990,season_albopictus_1961_1990,delta_aegypti,delta_albopictus,abs_lat,temp_mean_c
Aba,Nigeria,5.1167,7.3667,12,12,12,12,0,0,5.1167,25.96166666666667
Abeokuta,Nigeria,7.1608,3.3483,12,12,12,12,0,0,7.1608,26.905
Abhepur,India,39.41,116.38,5,4,5,4,0,0,39.41,13.686666666666667
Abidjan,Côte d’Ivoire,5.3364,-4.0267,12,12,12,12,0,0,5.3364,26.04416666666667
Abomey-Calavi,Benin,6.4486,2.3556,12,12,12,12,0,0,6.4486,26.735
Abu Dhabi,United Arab Emirates,24.4667,54.3667,10,5,11,5,-1,0,24.4667,27.53333333333333
Abuja,Nigeria,9.0667,7.4833,9,8,10,9,-1,-1,9.0667,26.6075
Abū Ţisht,Egypt,26.1204,32.0954,2,0,1,0,1,0,26.1204,24.594166666666666
Abū Ḩummuş,Egypt,31.0931,30.3142,8,4,7,4,1,0,31.0931,20.945833333333333
Acapulco de Juárez,Mexico,16.8636,-99.8825,12,12,12,12,0,0,16.8636,27.224999999999998
Ad Dammām,Saudi Arabia,26.4333,50.1,4,1,4,1,0,0,26.4333,26.484166666666667
Adachi,Japan,35.7833,139.8,5,4,4,4,1,0,35.7833,15.844999999999999
Adana,Turkey,37.0,35.3213,6,4,6,4,0,0,37.0,18.9925
Addis Ababa,Ethiopia,9.03,38.74,0,6,0,4,0,2,9.03,15.633333333333333
Adelaide,Australia,-34.9275,138.6,4,4,3,4,1,0,34.9275,15.8125
Aden,Yemen,12.8,45.0333,12,12,12,12,0,0,12.8,27.709166666666665
Agadir,Morocco,30.4214,-9.5831,7,5,6,4,1,1,30.4214,20.679166666666667
Agartala,India,23.8314,91.2869,11,10,11,10,0,0,23.8314,25.250833333333333
Agege,Nigeria,6.6219,3.3258,12,12,12,12,0,0,6.6219,26.691666666666666
Aguascalientes,Mexico,21.876,-102.296,5,7,5,7,0,0,21.876,18.108333333333334
Ahmedabad,India,23.0225,72.5714,9,7,8,7,1,0,23.0225,27.250833333333333
Ahvāz,Iran,31.3047,48.6783,3,0,2,0,1,0,31.3047,26.653333333333332
Ailan Mubage,China,43.908,81.2777,3,4,3,4,0,0,43.908,10.830833333333333
Ajmer,India,26.4499,74.6399,6,2,6,2,0,0,26.4499,25.497500000000002
Akron,United States,41.0798,-81.5219,3,4,3,3,0,1,41.0798,10.596666666666666
Aksu,China,41.185,80.2904,3,4,3,4,0,0,41.185,9.434166666666668
Akure,Nigeria,7.25,5.195,12,12,12,12,0,0,7.25,25.3475
Al Başrah,Iraq,30.515,47.81,2,0,3,0,-1,0,30.515,27.110833333333332
Al Fashn,Egypt,28.8231,30.899,4,1,4,1,0,0,28.8231,23.299166666666665
Al Fayyūm,Egypt,29.3,30.8333,5,2,6,2,-1,0,29.3,23.213333333333335
Al Hufūf,Saudi Arabia,25.3608,49.5997,2,0,2,0,0,0,25.3608,26.875833333333333
Al Mafraq,Jordan,32.3399,36.2052,6,4,6,4,0,0,32.3399,17.920833333333334
Al Manşūrah,Egypt,31.05,31.3833,8,5,8,4,0,1,31.05,21.8025
Al Maḩallah al Kubrá,Egypt,30.9667,31.1667,8,5,8,4,0,1,30.9667,21.772499999999997
Al Mukallā,Yemen,14.5333,49.1333,12,12,12,12,0,0,14.5333,27.745
Al Qaţīf,Saudi Arabia,26.5196,50.0115,4,1,4,1,0,0,26.5196,26.484166666666667
Al Ḩillah,Iraq,32.4833,44.4333,0,0,1,0,-1,0,32.4833,26.0125
Al ‘Amārah,Iraq,31.8333,47.15,2,0,2,0,0,0,31.8333,26.89
Al ‘Ayn,United Arab Emirates,24.2075,55.7447,4,0,3,0,1,0,24.2075,28.205833333333334
Albany,United States,42.6664,-73.7987,3,4,3,3,0,1,42.6664,9.563333333333334
Albuquerque,United States,35.1054,-106.6465,3,3,3,4,0,-1,35.1054,14.082500000000001
Aleppo,Syria,36.2319,37.1681,5,2,6,4,-1,-2,36.2319,18.628333333333334
Alexandria,Egypt,31.1975,29.8925,7,4,7,4,0,0,31.1975,20.705833333333334
Algiers,Algeria,36.7325,3.0872,6,4,5,4,1,0,36.7325,18.538333333333334
Allentown,United States,40.5961,-75.4756,4,4,3,4,1,0,40.5961,11.900833333333333
Almaty,Kazakhstan,43.24,76.915,0,3,0,3,0,0,43.24,5.4316666666666675
Alīgarh,India,27.88,78.08,6,2,6,2,0,0,27.88,24.860833333333332
Amman,Jordan,31.9497,35.9328,6,4,6,4,0,0,31.9497,17.909166666666668
Amritsar,India,31.64,74.86,6,2,6,2,0,0,31.64,23.659166666666668
Amrāvati,India,20.9258,77.7647,8,8,8,8,0,0,20.9258,26.8625
Amsterdam,Netherlands,52.3728,4.8936,0,3,0,3,0,0,52.3728,10.466666666666667
An Najaf,Iraq,32.029,44.3396,1,0,2,0,-1,0,32.029,24.97583333333333
An Nāşirīyah,Iraq,31.0439,46.2575,2,0,1,0,1,0,31.0439,26.965833333333332
Andijon,Uzbekistan,40.7833,72.3333,2,1,2,1,0,0,40.7833,15.7425
Ankang,China,32.6854,109.029,5,4,5,4,0,0,32.6854,15.770000000000001
Ankara,Turkey,39.93,32.85,3,4,3,3,0,1,39.93,11.808333333333332
Anqing,China,30.5318,117.1153,6,4,5,4,1,0,30.5318,17.500833333333333
Anqiu,China,36.478,119.219,5,4,5,4,0,0,36.478,13.636666666666665
Ansan,"Korea, South",37.3167,126.8333,4,3,4,3,0,0,37.3167,12.150833333333333
Anshan,China,41.108,122.994,4,4,3,4,1,0,41.108,9.466666666666667
Anshun,China,26.2531,105.9476,5,5,5,5,0,0,26.2531,15.005
Antalya,Turkey,36.8874,30.7075,5,2,5,2,0,0,36.8874,18.4025
Antananarivo,Madagascar,-18.91,47.525,7,9,5,9,2,0,18.91,18.040833333333335
Antipolo,Philippines,14.5842,121.1763,12,12,12,12,0,0,14.5842,26.18166666666667
Antwerp,Belgium,51.2178,4.4003,1,3,0,3,1,0,51.2178,10.951666666666668
Ar Ramādī,Iraq,33.4258,43.2992,2,0,2,0,0,0,33.4258,24.07166666666667
Ar Rayyān,Qatar,25.25,51.4,6,1,5,1,1,0,25.25,27.560000000000002
Aracaju,Brazil,-10.9111,-37.0717,12,12,12,12,0,0,10.9111,25.548333333333332
Ardabīl,Iran,38.2517,48.2975,2,3,0,3,2,0,38.2517,9.1925
Arequipa,Peru,-16.3989,-71.5369,0,0,0,0,0,0,16.3989,13.347500000000002
Arusha,Tanzania,-3.3667,36.6833,7,12,4,11,3,1,3.3667,18.340833333333332
Arāk,Iran,34.0914,49.6933,0,2,0,2,0,0,34.0914,12.696666666666665
As Sulaymānīyah,Iraq,35.55,45.4333,1,1,2,2,-1,-1,35.55,17.30333333333333
Asaba,Nigeria,6.1833,6.7333,12,12,12,12,0,0,6.1833,27.291666666666668
Ashgabat,Turkmenistan,37.9375,58.38,2,1,2,1,0,0,37.9375,17.585833333333333
Ashmūn,Egypt,30.2974,30.9764,8,5,8,5,0,0,30.2974,22.238333333333333
Asmara,Eritrea,15.3358,38.9411,7,12,6,12,1,0,15.3358,19.103333333333335
Astana,Kazakhstan,51.1472,71.4222,2,3,1,3,1,0,51.1472,3.359166666666667
Athens,Greece,37.9842,23.7281,6,3,5,4,1,-1,37.9842,17.808333333333334
Atlanta,United States,33.7628,-84.422,5,4,5,4,0,0,33.7628,16.69333333333333
Attadappa,India,11.8689,75.3555,12,12,12,12,0,0,11.8689,27.064999999999998
Auckland,New Zealand,-36.8492,174.7653,3,4,3,4,0,0,36.8492,15.7825
Aurangābād,India,19.88,75.32,10,9,9,9,1,0,19.88,25.30666666666667
Austin,United States,30.3005,-97.7522,7,5,7,5,0,0,30.3005,20.3225
Awka,Nigeria,6.2069,7.0678,12,12,12,12,0,0,6.2069,26.974999999999998
Aţ Ţā’if,Saudi Arabia,21.2667,40.4167,5,7,3,5,2,2,21.2667,22.695833333333336
Baardheere,Somalia,2.3447,42.2764,9,9,9,9,0,0,2.3447,28.9275
Bacolod,Philippines,10.6765,122.9509,12,12,12,12,0,0,10.6765,26.618333333333336
Bacoor,Philippines,14.4624,120.9645,12,12,12,12,0,0,14.4624,27.90416666666667
Bafoussam,Cameroon,5.4667,10.4167,12,12,12,12,0,0,5.4667,21.35166666666667
Bagam,Indonesia,1.13,104.0531,12,12,12,12,0,0,1.13,27.111666666666665
Baghdad,Iraq,33.3153,44.3661,1,0,1,0,0,0,33.3153,25.495833333333334
Bahawalpur,Pakistan,29.3956,71.6836,4,0,3,0,1,0,29.3956,25.89833333333333
Bahār,Iran,34.9078,48.4394,0,2,0,2,0,0,34.9078,12.808333333333332
Baicheng,China,23.903,106.619,7,7,7,7,0,0,23.903,21.500833333333333
Baidoa,Somalia,3.1167,43.65,12,10,12,12,0,-2,3.1167,27.007499999999997
Baishan,China,41.944,126.4147,2,3,2,3,0,0,41.944,4.165
Baiyin,China,36.5451,104.1389,3,4,2,4,1,0,36.5451,9.041666666666666
Bakersfield,United States,35.3529,-119.0359,5,4,5,4,0,0,35.3529,17.831666666666667
Baku,Azerbaijan,40.3667,49.8352,4,4,4,4,0,0,40.3667,15.419166666666667
Balashikha,Russia,55.8167,37.9667,1,3,0,3,1,0,55.8167,5.735833333333333
Balikpapan,Indonesia,-1.2768,116.8277,12,12,12,12,0,0,1.2768,27.243333333333336
Baltimore,United States,39.3051,-76.6144,4,4,4,4,0,0,39.3051,13.509166666666667
Bamako,Mali,12.6458,-7.9922,7,8,7,8,0,0,12.6458,27.618333333333336
Bamenda,Cameroon,5.9614,10.1517,9,12,7,12,2,0,5.9614,19.708333333333332
Bandar Lampung,Indonesia,-5.45,105.2667,12,12,12,12,0,0,5.45,25.721666666666664
Bandar ‘Abbās,Iran,27.1961,56.2878,6,1,5,1,1,0,27.1961,26.834166666666665
Bangalore,India,12.9789,77.5917,12,12,12,12,0,0,12.9789,23.750833333333333
Bangkok,Thailand,13.7525,100.4942,12,12,12,12,0,0,13.7525,28.7925
Bangui,Central African Republic,4.3733,18.5628,12,12,12,12,0,0,4.3733,26.16
Banjarmasin,Indonesia,-3.32,114.5925,12,12,12,12,0,0,3.32,27.175833333333333
Baoding,China,38.874,115.464,5,4,5,4,0,0,38.874,13.917499999999999
Baojishi,China,34.363,107.238,3,4,3,4,0,0,34.363,10.5075
Baoshan,China,25.112,99.161,5,6,5,5,0,1,25.112,16.8275
Baotou,China,40.6213,109.9532,3,4,3,4,0,0,40.6213,8.024166666666666
Barcelona,Spain,41.3833,2.1833,4,4,4,4,0,0,41.3833,15.549999999999999
Barcelona,Venezuela,10.1403,-64.6833,12,12,12,12,0,0,10.1403,25.787499999999998
Bareilly,India,28.3667,79.4306,6,2,6,2,0,0,28.3667,24.6775
Barmhān Kalān,India,19.1972,72.9722,12,12,12,12,0,0,19.1972,26.959999999999997
Barnaul,Russia,53.3486,83.7764,2,3,1,3,1,0,53.3486,2.9316666666666666
Barquisimeto,Venezuela,10.0636,-69.3347,12,12,12,12,0,0,10.0636,24.42833333333333
Barranquilla,Colombia,10.9833,-74.8019,12,12,12,12,0,0,10.9833,27.0775
Batam Centre,Indonesia,1.1272,104.0556,12,12,12,12,0,0,1.1272,27.111666666666665
Baton Rouge,United States,30.442,-91.1311,7,5,7,5,0,0,30.442,19.965
Bauchi,Nigeria,10.5,10.0,8,9,8,9,0,0,10.5,25.751666666666665
Bazal’tove,Ukraine,50.6765,26.16,2,3,0,3,2,0,50.6765,8.4725
Bazhou,China,31.868,106.748,5,4,5,4,0,0,31.868,16.780833333333334
Bağcılar,Turkey,41.0344,28.8564,4,4,4,4,0,0,41.0344,15.1725
Beihai,China,21.481,109.12,9,11,9,10,0,1,21.481,23.441666666666666
Beijing,China,39.9067,116.3975,5,4,5,4,0,0,39.9067,13.240833333333335
Beira,Mozambique,-19.8333,34.85,12,12,12,12,0,0,19.8333,24.616666666666664
Beirut,Lebanon,33.8981,35.5058,6,4,6,4,0,0,33.8981,19.561666666666667
Bekasi,Indonesia,-6.2333,107.0,12,12,12,12,0,0,6.2333,26.874166666666667
Belas,Angola,-8.9983,13.265,12,12,12,12,0,0,8.9983,25.370833333333334
Belgrade,Serbia,44.8178,20.4569,3,4,3,4,0,0,44.8178,12.795833333333334
Bello,Colombia,6.3333,-75.5667,0,12,0,12,0,0,6.3333,17.223333333333333
Belo Horizonte,Brazil,-19.9281,-43.9419,9,12,8,12,1,0,19.9281,20.50166666666667
Belém,Brazil,-1.4558,-48.5039,12,12,12,12,0,0,1.4558,27.10083333333333
Belāhi,India,26.4,86.25,9,4,9,3,0,1,26.4,25.325833333333332
Bengbu,China,32.917,117.389,5,4,5,4,0,0,32.917,15.844166666666666
Benghazi,Libya,32.1167,20.0667,7,4,6,4,1,0,32.1167,20.4975
Benguela,Angola,-12.55,13.4167,12,12,12,12,0,0,12.55,24.295833333333334
Benin City,Nigeria,6.3333,5.6222,12,12,12,12,0,0,6.3333,25.936666666666667
Benxi,China,41.3039,123.7649,3,4,3,3,0,1,41.3039,7.327500000000001
Berlin,Germany,52.52,13.405,2,3,0,3,2,0,52.52,9.820833333333335
Bhayandar,India,19.29,72.85,12,12,12,12,0,0,19.29,26.805833333333336
Bhilai,India,21.21,81.38,10,8,9,8,1,0,21.21,26.713333333333335
Bhiwandi,India,19.2967,73.0631,12,12,12,12,0,0,19.2967,26.959999999999997
Bhopāl,India,23.2599,77.4126,7,6,6,5,1,1,23.2599,25.5525
Bhubaneshwar,India,20.27,85.84,12,12,12,12,0,0,20.27,26.968333333333334
Bhāngar,India,22.58,88.42,12,12,12,12,0,0,22.58,26.2625
Bhāvnagar,India,21.76,72.15,12,12,12,12,0,0,21.76,27.005
Bhīlwāra,India,25.35,74.63,7,3,6,2,1,1,25.35,25.579166666666666
Bihtā,India,25.5619,84.87,8,2,8,2,0,0,25.5619,25.824166666666667
Bijie,China,27.284,105.292,3,4,3,4,0,0,27.284,12.765
Bilbao,Spain,43.2569,-2.9236,2,3,0,3,2,0,43.2569,13.473333333333334
Bilāspur,India,22.09,82.15,9,8,9,8,0,0,22.09,26.8575
Binzhou,China,37.383,117.971,5,4,5,4,0,0,37.383,13.969166666666666
Birmingham,United Kingdom,52.48,-1.9025,0,2,0,2,0,0,52.48,10.1425
Birmingham,United States,33.5279,-86.7971,5,4,5,4,0,0,33.5279,17.1725
Bishkek,Kyrgyzstan,42.8667,74.5667,0,3,0,2,0,1,42.8667,5.6691666666666665
Biên Hòa,Vietnam,10.95,106.8167,12,12,12,12,0,0,10.95,27.644166666666667
Blantyre,Malawi,-15.7861,35.0058,10,12,10,12,0,0,15.7861,21.863333333333333
Boankra,Ghana,6.6919,-1.4051,12,12,12,12,0,0,6.6919,26.264166666666668
Bobo-Dioulasso,Burkina Faso,11.1833,-4.2833,7,7,7,8,0,-1,11.1833,27.849166666666665
Bogor,Indonesia,-6.5966,106.7972,12,12,12,12,0,0,6.5966,25.305000000000003
Bogotá,Colombia,4.7111,-74.0722,0,0,0,0,0,0,4.7111,13.54
Bokaro Steel City,India,23.67,86.15,8,7,8,6,0,1,23.67,25.180000000000003
Boosaaso,Somalia,11.28,49.18,8,8,8,8,0,0,11.28,28.081666666666667
Bordeaux,France,44.84,-0.58,3,4,2,3,1,1,44.84,13.862499999999999
Borvāyeh-ye Al Bū ‘Azīz,Iran,31.6283,48.6147,3,0,2,0,1,0,31.6283,26.371666666666666
Boston,United States,42.3188,-71.0852,3,3,2,3,1,0,42.3188,10.495833333333334
Botou,China,38.0833,116.5833,5,4,5,4,0,0,38.0833,14.1475
Bouaké,Côte d’Ivoire,7.6833,-5.0331,12,12,12,12,0,0,7.6833,26.409166666666668
Bozhou,China,33.8463,115.7786,5,4,5,4,0,0,33.8463,15.600000000000001
Brampton,Canada,43.6833,-79.7667,2,3,2,3,0,0,43.6833,7.9750000000000005
Braunschweig,Germany,52.2667,10.5167,0,3,0,3,0,0,52.2667,9.69
Brazzaville,Congo (Brazzaville),-4.2667,15.2667,12,12,12,12,0,0,4.2667,25.278333333333332
Bremen,Germany,53.0758,8.8072,0,3,0,3,0,0,53.0758,9.915000000000001
Bridgeport,United States,41.1918,-73.1954,4,3,3,3,1,0,41.1918,11.385833333333332
Brisbane,Australia,-27.4678,153.0281,7,5,7,5,0,0,27.4678,19.8625
Bristol,United Kingdom,51.4536,-2.5975,0,2,0,2,0,0,51.4536,10.535833333333333
Bronx,United States,40.8501,-73.8662,4,4,4,4,0,0,40.8501,12.4125
Brooklyn,United States,40.6501,-73.9496,4,4,4,4,0,0,40.6501,12.475
Brussels,Belgium,50.8467,4.3525,0,3,0,3,0,0,50.8467,10.719999999999999
Buca,Turkey,38.35,27.1667,5,2,5,4,0,-2,38.35,17.275833333333335
Bucaramanga,Colombia,7.1333,-73.0,0,12,0,12,0,0,7.1333,15.939166666666667
Bucharest,Romania,44.4325,26.1039,3,4,3,4,0,0,44.4325,11.871666666666668
Bucheon,"Korea, South",37.5,126.7833,4,4,4,4,0,0,37.5,12.278333333333334
Budapest,Hungary,47.4983,19.0408,3,4,3,4,0,0,47.4983,10.893333333333333
Buenos Aires,Argentina,-34.6036,-58.3814,5,4,5,4,0,0,34.6036,17.3025
Buffalo,United States,42.9018,-78.8487,3,3,3,3,0,0,42.9018,9.485833333333334
Bujumbura,Burundi,-3.3833,29.3667,12,12,12,12,0,0,3.3833,23.868333333333336
Bukavu,Congo (Kinshasa),-2.5061,28.8608,3,12,0,12,3,0,2.5061,18.410833333333333
Bulawayo,Zimbabwe,-20.17,28.58,8,10,7,10,1,0,20.17,19.31
Bunia,Congo (Kinshasa),1.5667,30.25,12,12,12,12,0,0,1.5667,22.644166666666667
Bursa,Turkey,40.1833,29.05,4,4,4,4,0,0,40.1833,14.048333333333332
Busan,"Korea, South",35.18,129.075,4,4,4,4,0,0,35.18,14.532499999999999
Bīkaner,India,28.0167,73.3119,3,0,3,0,0,0,28.0167,26.978333333333335
Cabinda,Angola,-5.56,12.19,12,12,12,12,0,0,5.56,24.648333333333337
Cacuaco,Angola,-8.8053,13.2444,12,12,12,12,0,0,8.8053,25.0575
Cadaado,Somalia,6.1393,46.6241,12,12,12,12,0,0,6.1393,27.52333333333333
Cagayan de Oro,Philippines,8.48,124.65,12,12,12,12,0,0,8.48,25.316666666666666
Cairo,Egypt,30.0444,31.2358,8,5,7,5,1,0,30.0444,22.194166666666664
Calgary,Canada,51.05,-114.0667,0,2,0,2,0,0,51.05,4.16
Cali,Colombia,3.4206,-76.5222,12,12,12,12,0,0,3.4206,21.758333333333336
Caloocan City,Philippines,14.65,120.97,12,12,12,12,0,0,14.65,27.545
Campinas,Brazil,-22.9009,-47.0573,10,10,8,10,2,0,22.9009,21.05333333333333
Campo Grande,Brazil,-20.4686,-54.6222,12,12,12,12,0,0,20.4686,23.356666666666666
Campos,Brazil,-21.7523,-41.3304,12,12,12,12,0,0,21.7523,24.67833333333333
Canagatan,Philippines,18.0,121.8,12,12,12,12,0,0,18.0,26.320000000000004
Cancún,Mexico,21.1606,-86.8475,12,12,12,12,0,0,21.1606,26.2325
Cangzhou,China,38.3047,116.8387,5,4,5,4,0,0,38.3047,13.995833333333335
Cape Coral,United States,26.6443,-81.9957,11,5,9,5,2,0,26.6443,23.53
Cape Town,South Africa,-33.9253,18.4239,4,4,3,4,1,0,33.9253,16.50583333333333
Caracas,Venezuela,10.4806,-66.9036,12,12,12,12,0,0,10.4806,23.949166666666667
Carrefour,Haiti,18.5333,-72.4,12,12,12,12,0,0,18.5333,24.627499999999998
Cartagena,Colombia,10.4,-75.5,12,12,12,12,0,0,10.4,27.411666666666665
Casablanca,Morocco,33.5333,-7.5833,6,4,5,4,1,0,33.5333,18.355833333333333
Catia La Mar,Venezuela,10.6,-67.0333,12,12,12,12,0,0,10.6,23.949166666666667
Cazenga,Angola,-8.8214,13.2911,12,12,12,12,0,0,8.8214,25.0575
Cebu City,Philippines,10.32,123.75,12,12,12,12,0,0,10.32,28.099166666666665
Cencheng,China,22.9167,111.0,8,8,7,8,1,0,22.9167,21.655833333333334
Chandīgarh,India,30.75,76.78,5,2,6,2,-1,0,30.75,23.449166666666667
Changchun,China,43.897,125.326,3,4,3,4,0,0,43.897,6.43
Changde,China,29.031,111.699,6,5,5,5,1,0,29.031,17.912499999999998
Changping,China,40.2248,116.1944,5,4,4,4,1,0,40.2248,11.423333333333332
Changsha,China,28.228,112.939,6,5,6,5,0,0,28.228,18.3825
Changshu,China,31.656,120.753,5,4,5,4,0,0,31.656,16.61583333333333
Changwon,"Korea, South",35.2708,128.6631,4,4,4,4,0,0,35.2708,14.235
Changzhi,China,36.195,113.117,3,4,3,4,0,0,36.195,10.1825
Changzhou,China,31.811,119.974,5,4,5,4,0,0,31.811,16.678333333333335
Chaohucun,China,31.6244,117.8902,5,4,5,4,0,0,31.6244,16.7775
Chaoyang,China,41.571,120.453,3,4,3,4,0,0,41.571,9.461666666666668
Chaozhou,China,23.658,116.622,8,8,7,7,1,1,23.658,21.44333333333333
Charleston,United States,32.8168,-79.9687,6,4,6,4,0,0,32.8168,19.107499999999998
Charlotte,United States,35.2083,-80.8303,5,4,5,4,0,0,35.2083,16.275000000000002
Chattogram,Bangladesh,22.335,91.8325,12,12,12,12,0,0,22.335,25.763333333333332
Chelyabinsk,Russia,55.1547,61.3758,1,3,1,3,0,0,55.1547,3.2291666666666665
Chengdu,China,30.66,104.0633,6,4,5,4,1,0,30.66,17.261666666666667
Chengguan,China,35.4623,113.8054,5,4,5,4,0,0,35.4623,13.979166666666666
Chengtangcun,China,35.0833,117.15,5,4,5,4,0,0,35.0833,14.579166666666666
Chengxiang,China,31.564,121.174,6,4,5,4,1,0,31.564,16.925833333333333
Chennai,India,13.0825,80.275,12,12,12,12,0,0,13.0825,28.093333333333334
Chenzhou,China,25.77,113.016,7,6,6,6,1,0,25.77,18.150000000000002
Cheongju,"Korea, South",36.6333,127.4833,4,4,4,4,0,0,36.6333,12.593333333333334
Chiang Mai,Thailand,18.7953,98.9986,12,11,12,11,0,0,18.7953,26.120833333333334
Chiba,Japan,35.6073,140.1064,4,4,4,4,0,0,35.6073,15.729166666666666
Chicago,United States,41.8375,-87.6866,4,4,3,4,1,0,41.8375,10.403333333333334
Chiclayo,Peru,-6.763,-79.8366,12,12,12,12,0,0,6.763,22.400000000000002
Chifeng,China,42.255,118.8825,3,4,3,4,0,0,42.255,8.080833333333333
Chihuahua,Mexico,28.6369,-106.0769,4,3,4,4,0,-1,28.6369,19.166666666666668
Chimalhuacán,Mexico,19.4131,-98.9839,2,8,0,7,2,1,19.4131,16.656666666666666
Chisinau,Moldova,47.0228,28.8353,3,4,3,4,0,0,47.0228,10.435833333333333
Chizhou,China,30.6654,117.4916,5,4,5,4,0,0,30.6654,17.19666666666667
Chongqing,China,29.5637,106.5504,7,5,6,5,1,0,29.5637,18.749166666666667
Chongzuo,China,22.377,107.365,9,9,9,9,0,0,22.377,22.314999999999998
Chuxiong,China,25.033,101.5459,6,5,5,5,1,0,25.033,17.1225
Chuzhou,China,32.256,118.333,5,4,5,4,0,0,32.256,16.00166666666667
Chānda,India,19.95,79.297,8,8,8,8,0,0,19.95,27.795833333333334
Ch’ŏnan,"Korea, South",36.81,127.1475,4,4,4,4,0,0,36.81,12.8025
Ch’ŏngjin,"Korea, North",41.7833,129.7667,2,3,2,3,0,0,41.7833,7.714166666666667
Cilacap,Indonesia,-7.7167,109.017,12,12,12,12,0,0,7.7167,26.309166666666666
Cimahi,Indonesia,-6.8712,107.5548,12,12,12,12,0,0,6.8712,24.298333333333332
Cincinnati,United States,39.1413,-84.506,4,4,4,4,0,0,39.1413,12.7975
City of Calamba,Philippines,14.22,121.17,12,12,12,12,0,0,14.22,26.439999999999998
City of Parañaque,Philippines,14.5008,120.9915,12,12,12,12,0,0,14.5008,27.90416666666667
Ciudad Apodaca,Mexico,25.7817,-100.1886,8,6,7,6,1,0,25.7817,21.801666666666666
Ciudad Guayana,Venezuela,8.3667,-62.65,12,12,12,12,0,0,8.3667,27.13083333333333
Ciudad Nezahualcóyotl,Mexico,19.4006,-99.0148,2,8,0,7,2,1,19.4006,16.656666666666666
Cleveland,United States,41.4764,-81.6805,3,4,3,3,0,1,41.4764,10.664166666666667
Cochabamba,Bolivia,-17.3883,-66.1597,0,3,0,0,0,3,17.3883,13.93
Cocody,Côte d’Ivoire,5.3351,-4.0039,12,12,12,12,0,0,5.3351,26.04416666666667
Coimbatore,India,11.0008,76.9633,12,12,12,12,0,0,11.0008,26.066666666666666
Cologne,Germany,50.9364,6.9528,2,3,0,3,2,0,50.9364,10.619166666666667
Colombo,Sri Lanka,6.9167,79.8333,12,12,12,12,0,0,6.9167,27.245
Colorado Springs,United States,38.8674,-104.7605,2,3,2,3,0,0,38.8674,8.011666666666667
Columbia,United States,34.0378,-80.9036,5,4,5,4,0,0,34.0378,17.768333333333334
Columbus,United States,39.9862,-82.9855,4,4,3,4,1,0,39.9862,11.593333333333334
Comayagüela,Honduras,14.098,-87.21,12,12,12,12,0,0,14.098,21.743333333333336
Conakry,Guinea,9.5092,-13.7122,12,12,12,12,0,0,9.5092,26.315
Concepción,Chile,-36.8282,-73.0514,0,3,0,3,0,0,36.8282,13.075000000000001
Concord,United States,37.9722,-122.0016,4,4,3,4,1,0,37.9722,15.149166666666666
Contagem,Brazil,-19.9319,-44.0539,9,12,8,12,1,0,19.9319,20.50166666666667
Copenhagen,Denmark,55.6805,12.5615,0,3,0,2,0,1,55.6805,8.779166666666667
Cotonou,Benin,6.3667,2.4333,12,12,12,12,0,0,6.3667,26.723333333333333
Cuito,Angola,-12.3833,16.9333,8,12,7,12,1,0,12.3833,19.383333333333333
Culiacán,Mexico,24.8069,-107.3939,12,7,12,6,0,1,24.8069,24.80666666666667
Curitiba,Brazil,-25.4297,-49.2719,4,5,4,5,0,0,25.4297,17.503333333333334
Cuttack,India,20.5236,85.7881,12,12,12,12,0,0,20.5236,26.849166666666665
Córdoba,Argentina,-31.4167,-64.1833,5,4,5,4,0,0,31.4167,16.6275
Cúcuta,Colombia,7.8942,-72.5039,12,12,12,12,0,0,7.8942,26.77416666666667
Cần Thơ,Vietnam,10.0333,105.7833,12,12,12,12,0,0,10.0333,27.27
Dadukou,China,26.5824,101.7184,6,5,6,5,0,0,26.5824,18.274166666666666
Daegu,"Korea, South",35.8717,128.6017,5,4,4,4,1,0,35.8717,13.644166666666669
Daejeon,"Korea, South",36.35,127.385,4,4,4,4,0,0,36.35,12.915
Dakar,Senegal,14.6726,-17.432,12,12,12,12,0,0,14.6726,24.060000000000002
Dali,China,25.6811,100.3003,5,5,4,5,1,0,25.6811,15.444166666666668
Dalian,China,38.9,121.6,4,3,3,3,1,0,38.9,11.449166666666668
Dallas,United States,32.7935,-96.7667,7,4,7,4,0,0,32.7935,19.190833333333334
Damascus,Syria,33.502,36.2981,5,4,4,4,1,0,33.502,16.38416666666667
Dandong,China,40.1167,124.3833,4,4,3,3,1,1,40.1167,9.945833333333333
Danyang,China,32.0,119.586,5,4,5,4,0,0,32.0,16.334166666666665
Daqing,China,46.589,125.104,3,4,3,3,0,1,46.589,4.732500000000001
Dar es Salaam,Tanzania,-6.8161,39.2803,12,12,12,12,0,0,6.8161,25.97
Dashiqiao,China,40.6167,122.5167,4,4,3,4,1,0,40.6167,9.658333333333333
Dasmariñas,Philippines,14.33,120.94,12,12,12,12,0,0,14.33,26.320000000000004
Davao,Philippines,7.07,125.6,12,12,12,12,0,0,7.07,26.647499999999997
Dayan,China,26.8552,100.2259,0,4,0,4,0,0,26.8552,12.496666666666668
Daye,China,30.0961,114.9804,5,4,5,4,0,0,30.0961,17.349166666666665
Dayrūţ,Egypt,27.5564,30.8106,3,1,3,1,0,0,27.5564,23.6675
Dayton,United States,39.7805,-84.2003,4,4,3,4,1,0,39.7805,11.777499999999998
Dazhou,China,31.2093,107.4678,5,4,5,4,0,0,31.2093,17.350833333333334
Dehra Dūn,India,30.345,78.029,8,5,7,5,1,0,30.345,20.88
Dehui,China,44.535,125.703,3,4,3,4,0,0,44.535,5.9775
Delhi,India,28.61,77.23,6,2,6,2,0,0,28.61,24.860833333333332
Denizli,Turkey,37.7833,29.0964,4,2,4,4,0,-2,37.7833,15.693333333333333
Denpasar,Indonesia,-8.6717,115.2339,12,12,12,12,0,0,8.6717,26.4225
Denver,United States,39.762,-104.8758,2,3,2,3,0,0,39.762,9.305833333333334
Depok,Indonesia,-6.394,106.8225,12,12,12,12,0,0,6.394,25.305000000000003
Des Moines,United States,41.5725,-93.6105,4,4,3,4,1,0,41.5725,10.394166666666667
Detroit,United States,42.3834,-83.1024,3,4,3,3,0,1,42.3834,9.9275
Deyang,China,31.127,104.398,6,4,5,4,1,0,31.127,17.719166666666666
Dezhou,China,37.436,116.359,5,4,5,4,0,0,37.436,14.363333333333332
Dhaka,Bangladesh,23.7289,90.3944,11,10,11,10,0,0,23.7289,25.631666666666664
Dhanbād,India,23.7998,86.4305,9,7,8,6,1,1,23.7998,25.4275
Dhūlia,India,20.8997,74.7697,9,9,9,9,0,0,20.8997,27.0775
Dingxi,China,35.608,104.592,1,3,0,3,1,0,35.608,7.1674999999999995
Dingzhou,China,38.516,114.99,5,4,5,4,0,0,38.516,13.869166666666667
Dispur,India,26.1397,91.7925,10,5,10,5,0,0,26.1397,24.238333333333333
Diyarbakır,Turkey,37.91,40.24,1,1,1,2,0,-1,37.91,16.135
Djibouti,Djibouti,11.5944,43.1481,9,8,9,9,0,-1,11.5944,29.179166666666664
Dnipro,Ukraine,48.4675,35.04,3,4,3,4,0,0,48.4675,9.559166666666666
Dodoma,Tanzania,-6.1731,35.7419,12,12,12,12,0,0,6.1731,23.22666666666667
Doha,Qatar,25.2867,51.5333,6,1,5,1,1,0,25.2867,27.560000000000002
Domaa-Ahenkro,Ghana,7.2739,-2.8735,12,12,12,12,0,0,7.2739,26.519166666666667
Donetsk,Ukraine,48.0028,37.8053,3,4,3,4,0,0,48.0028,9.084166666666667
Dongguan,China,23.021,113.752,9,9,9,9,0,0,23.021,23.175833333333333
Dongtai,China,32.795,120.519,5,4,5,4,0,0,32.795,15.625833333333333
Dongyang,China,29.2667,120.2167,6,4,5,4,1,0,29.2667,17.520833333333332
Dortmund,Germany,51.5139,7.4653,0,3,0,3,0,0,51.5139,10.11
Douala,Cameroon,4.05,9.7,12,12,12,12,0,0,4.05,26.19333333333333
Dresden,Germany,51.05,13.74,0,3,0,3,0,0,51.05,8.878333333333332
Dubai,United Arab Emirates,25.2631,55.2972,7,1,10,2,-3,-1,25.2631,27.900000000000002
Dublin,Ireland,53.3497,-6.2603,0,1,0,0,0,1,53.3497,9.718333333333334
Duisburg,Germany,51.4347,6.7625,1,3,0,3,1,0,51.4347,10.775833333333333
Durango,Mexico,24.025,-104.6675,4,5,2,5,2,0,24.025,16.268333333333334
Durban,South Africa,-29.8833,31.05,9,5,9,5,0,0,29.8833,21.095
Durgāpur,India,23.55,87.32,10,9,9,7,1,2,23.55,25.747500000000002
Dushanbe,Tajikistan,38.5367,68.78,3,4,3,4,0,0,38.5367,11.717500000000001
Düsseldorf,Germany,51.2256,6.7767,1,3,0,3,1,0,51.2256,10.7125
Ecatepec,Mexico,19.6097,-99.06,2,8,0,7,2,1,19.6097,16.656666666666666
Edmonton,Canada,53.5344,-113.4903,0,2,0,2,0,0,53.5344,2.910833333333334
Edogawa,Japan,35.7,139.8833,4,4,4,4,0,0,35.7,15.714166666666666
El Alto,Bolivia,-16.5047,-68.1633,0,0,0,0,0,0,16.5047,7.794999999999999
El Fasher,Sudan,13.63,25.35,3,6,3,7,0,-1,13.63,25.864166666666666
El Geneina,Sudan,13.45,22.44,4,6,3,6,1,0,13.45,25.610833333333332
El Paso,United States,31.8476,-106.43,2,0,3,2,-1,-2,31.8476,18.456666666666667
Ensenada,Mexico,31.8578,-116.6058,5,4,5,4,0,0,31.8578,17.232499999999998
Enugu,Nigeria,6.5,7.5,12,12,12,12,0,0,6.5,26.668333333333333
Erbil,Iraq,36.1911,44.0094,2,1,2,1,0,0,36.1911,20.335
Erzurum,Turkey,39.9086,41.2769,0,1,0,1,0,0,39.9086,4.666666666666667
Esenyurt,Turkey,41.0342,28.68,4,4,4,4,0,0,41.0342,15.1725
Eskişehir,Turkey,39.7767,30.5206,3,4,2,3,1,1,39.7767,11.788333333333334
Essen,Germany,51.4508,7.0131,1,3,0,3,1,0,51.4508,10.589166666666667
Etimesgut,Turkey,39.9458,32.6694,3,4,3,3,0,1,39.9458,11.808333333333332
Ezhou,China,30.3914,114.8949,6,4,5,4,1,0,30.3914,17.779999999999998
Eşfahān,Iran,32.6653,51.6703,0,1,0,1,0,0,32.6653,17.030833333333334
Faisalabad,Pakistan,31.4167,73.0911,6,0,5,1,1,-1,31.4167,25.0425
Fangchenggang,China,21.6867,108.3547,9,9,8,9,1,0,21.6867,22.441666666666666
Farāh,Afghanistan,32.3436,62.1194,0,0,1,0,-1,0,32.3436,22.60083333333333
Farīdābād,India,28.4211,77.3078,6,2,6,2,0,0,28.4211,24.860833333333332
Feicheng,China,36.1861,116.7719,5,4,5,4,0,0,36.1861,13.769166666666665
Fort Worth,United States,32.7817,-97.3474,7,4,7,4,0,0,32.7817,19.075833333333332
Fortaleza,Brazil,-3.7275,-38.5275,12,12,12,12,0,0,3.7275,26.890833333333333
Foshan,China,23.0214,113.1216,9,9,9,9,0,0,23.0214,23.27
Frankfurt,Germany,50.1106,8.6822,2,3,1,3,1,0,50.1106,10.633333333333333
Freetown,Sierra Leone,8.4833,-13.2331,12,12,12,12,0,0,8.4833,26.215833333333336
Fresno,United States,36.783,-119.7939,4,2,5,4,-1,-2,36.783,18.26666666666667
Fuding,China,27.2,120.2,6,5,6,5,0,0,27.2,18.5425
Fukuoka,Japan,33.59,130.4017,6,4,4,4,2,0,33.59,16.532500000000002
Funchal,Portugal,32.6669,-16.9241,4,4,3,4,1,0,32.6669,17.03
Fuqing,China,25.7167,119.3833,7,6,6,6,1,0,25.7167,20.235
Fushun,China,41.881,123.957,3,4,3,4,0,0,41.881,7.9941666666666675
Fuxin,China,42.022,121.67,3,4,3,4,0,0,42.022,8.624166666666666
Fuyang,China,32.89,115.814,5,4,5,4,0,0,32.89,15.9525
Fuzhou,China,26.0743,119.2964,7,5,6,6,1,-1,26.0743,19.638333333333332
Fu’an,China,27.1,119.6333,6,5,6,5,0,0,27.1,18.924166666666668
Fès,Morocco,34.0433,-5.0033,6,4,4,4,2,0,34.0433,18.07166666666667
Gaalkacyo,Somalia,6.7697,47.4308,12,11,12,12,0,-1,6.7697,27.52916666666667
Gaizhou,China,40.4,122.35,4,4,4,4,0,0,40.4,10.4725
Ganzhou,China,25.831,114.933,7,6,7,6,0,0,25.831,19.739166666666666
Gaobeidian,China,39.327,115.874,5,4,5,4,0,0,39.327,13.351666666666667
Gaomi,China,36.3833,119.75,5,4,4,4,1,0,36.3833,13.610833333333332
Gaoping,China,30.7824,106.1281,6,4,5,4,1,0,30.7824,18.0975
Gaoyou,China,32.845,119.508,5,4,5,4,0,0,32.845,16.053333333333335
Gaozhou,China,21.9244,110.8422,9,11,9,10,0,1,21.9244,23.518333333333334
Garoua,Cameroon,9.3,13.4,6,5,6,5,0,0,9.3,28.418333333333333
Gaza,Gaza Strip,31.5069,34.456,8,4,8,4,0,0,31.5069,21.179166666666667
Gaziantep,Turkey,37.0628,37.3792,3,2,3,2,0,0,37.0628,16.878333333333334
Gdańsk,Poland,54.3475,18.6453,0,3,0,3,0,0,54.3475,8.660833333333334
General Santos,Philippines,6.12,125.17,12,12,12,12,0,0,6.12,25.504166666666666
Genoa,Italy,44.4072,8.934,3,3,2,3,1,0,44.4072,12.530833333333334
George Town,Malaysia,5.4136,100.3294,12,12,12,12,0,0,5.4136,27.595
Ghulja,China,43.9,81.35,3,4,3,4,0,0,43.9,10.830833333333333
Ghāziābād,India,28.67,77.42,6,2,6,2,0,0,28.67,24.613333333333333
Giza,Egypt,29.987,31.2118,8,5,7,5,1,0,29.987,22.194166666666664
Glasgow,United Kingdom,55.8611,-4.25,0,0,0,0,0,0,55.8611,9.11
Goiânia,Brazil,-16.6806,-49.2564,12,12,12,12,0,0,16.6806,23.731666666666666
Gold Coast,Australia,-28.0167,153.4,9,5,8,5,1,0,28.0167,20.669166666666666
Gongzhuling,China,43.5053,124.8224,3,4,3,4,0,0,43.5053,6.804166666666667
Gorakhpur,India,26.7637,83.4039,8,3,8,2,0,1,26.7637,25.269166666666667
Gothenburg,Sweden,57.7075,11.9675,0,2,0,2,0,0,57.7075,7.850833333333333
Goyang,"Korea, South",37.65,126.8,4,4,4,4,0,0,37.65,12.008333333333333
Gqeberha,South Africa,-33.9581,25.6,5,4,4,4,1,0,33.9581,18.160833333333333
Grand Rapids,United States,42.9619,-85.6562,3,3,3,3,0,0,42.9619,9.435
Guadalajara,Mexico,20.6767,-103.3475,8,12,7,11,1,1,20.6767,20.397499999999997
Guadalupe,Mexico,25.6775,-100.2597,8,6,7,6,1,0,25.6775,21.801666666666666
Guangshui,China,31.617,113.826,5,4,5,4,0,0,31.617,16.3175
Guangyuan,China,32.436,105.844,5,4,5,4,0,0,32.436,14.558333333333332
Guangzhou,China,23.13,113.26,9,9,8,9,1,0,23.13,22.941666666666666
Guang’an,China,30.4564,106.6326,5,5,5,4,0,1,30.4564,18.0725
Guankou,China,28.1637,113.6433,6,5,5,5,1,0,28.1637,17.668333333333333
Guarulhos,Brazil,-23.4667,-46.5333,8,7,7,7,1,0,23.4667,19.86583333333333
Guatemala City,Guatemala,14.6417,-90.5133,12,12,10,12,2,0,14.6417,20.826666666666668
Guayaquil,Ecuador,-2.19,-79.8875,12,12,12,12,0,0,2.19,24.622500000000002
Guigang,China,23.112,109.599,8,8,8,8,0,0,23.112,22.224999999999998
Guilin,China,25.275,110.296,7,6,7,6,0,0,25.275,19.8175
Guiping,China,23.4,110.0833,8,8,7,7,1,1,23.4,21.903333333333336
Guixi,China,28.2925,117.2454,7,5,6,5,1,0,28.2925,19.37
Guiyang,China,26.647,106.63,5,4,5,4,0,0,26.647,14.6575
Gujranwala,Pakistan,32.1567,74.19,6,2,6,2,0,0,32.1567,23.598333333333333
Gulbarga,India,17.329,76.825,9,9,9,9,0,0,17.329,27.643333333333334
Guli,China,28.9,120.0333,6,5,5,4,1,1,28.9,18.184166666666666
Gulou,China,26.0865,119.298,7,5,6,6,1,-1,26.0865,19.638333333333332
Guntūr,India,16.3008,80.4428,11,10,11,10,0,0,16.3008,28.625
Guozhen,China,34.3609,107.1751,3,4,3,4,0,0,34.3609,10.5075
Gurgaon,India,28.456,77.029,6,2,6,2,0,0,28.456,25.015
Guwāhāti,India,26.1722,91.7458,10,5,10,5,0,0,26.1722,24.238333333333333
Guyuan,China,36.01,106.257,1,3,1,3,0,0,36.01,7.1674999999999995
Gwalior,India,26.2125,78.1775,7,2,6,2,1,0,26.2125,25.80333333333333
Gwangju,"Korea, South",35.1653,126.8486,4,4,4,4,0,0,35.1653,13.516666666666666
Gāzipura,Bangladesh,23.9234,90.3959,11,10,11,10,0,0,23.9234,25.406666666666666
Hachiōji,Japan,35.6664,139.316,4,4,4,4,0,0,35.6664,13.3925
Haicheng,China,40.8824,122.6852,4,4,3,4,1,0,40.8824,10.065
Haifa,Israel,32.8192,34.9992,7,4,6,4,1,0,32.8192,20.201666666666664
Haikou,China,20.0186,110.3488,11,12,11,12,0,0,20.0186,24.522499999999997
Haiphong,Vietnam,20.8651,106.6838,10,12,10,12,0,0,20.8651,24.198333333333334
Hai’an,China,32.535,120.563,5,4,5,4,0,0,32.535,15.788333333333334
Haldwāni,India,29.22,79.52,8,5,8,4,0,1,29.22,20.98
Hamadān,Iran,34.8064,48.5161,0,2,0,1,0,1,34.8064,12.012500000000001
Hamamatsu,Japan,34.7108,137.7275,6,4,4,4,2,0,34.7108,16.605833333333333
Hamburg,Germany,53.55,10.0,0,3,0,3,0,0,53.55,9.582500000000001
Hamhŭng,"Korea, North",39.9167,127.5333,3,4,2,3,1,1,39.9167,9.549166666666666
Hamilton,Canada,43.2567,-79.8692,3,3,2,3,1,0,43.2567,9.0475
Hanchuan,China,30.6667,113.8333,5,4,5,4,0,0,30.6667,17.25583333333333
Handan,China,36.601,114.487,5,4,5,4,0,0,36.601,14.800833333333335
Hangzhou,China,30.267,120.153,6,4,5,4,1,0,30.267,17.710833333333333
Hannover,Germany,52.3667,9.7167,0,3,0,3,0,0,52.3667,9.831666666666665
Hanoi,Vietnam,21.0,105.85,9,12,9,12,0,0,21.0,24.242500000000003
Hanzhong,China,33.0664,107.0232,5,4,5,4,0,0,33.0664,14.304166666666667
Harare,Zimbabwe,-17.8292,31.0522,8,10,8,10,0,0,17.8292,19.17
Harbin,China,45.7576,126.6409,3,4,3,3,0,1,45.7576,4.78
Hargeysa,Somalia,9.56,44.065,10,12,10,12,0,0,9.56,21.905
Hartford,United States,41.7661,-72.6834,3,4,3,3,0,1,41.7661,10.743333333333332
Hasanpur,India,28.72,78.28,6,2,6,2,0,0,28.72,24.541666666666668
Havana,Cuba,23.1367,-82.3589,12,12,12,12,0,0,23.1367,25.71666666666667
Hebi,China,35.748,114.297,5,4,5,4,0,0,35.748,14.818333333333333
Hechi,China,24.693,108.085,7,6,7,6,0,0,24.693,19.471666666666668
Hefei,China,31.8206,117.2273,5,4,5,4,0,0,31.8206,16.7575
Hegang,China,47.3501,130.298,3,3,2,3,1,0,47.3501,3.0500000000000003
Hejian,China,38.4466,116.0995,5,4,5,4,0,0,38.4466,14.108333333333334
Helsinki,Finland,60.1708,24.9375,0,2,0,2,0,0,60.1708,5.8525
Hempstead,United States,40.6629,-73.6089,4,3,4,3,0,0,40.6629,11.9925
Hengshui,China,37.739,115.669,5,4,5,4,0,0,37.739,14.469166666666666
Hengyang,China,26.894,112.572,7,5,6,5,1,0,26.894,18.816666666666666
Hengzhou,China,22.6799,109.2614,8,9,8,9,0,0,22.6799,22.2675
Hermosillo,Mexico,29.0989,-110.9542,5,0,5,0,0,0,29.0989,24.368333333333336
Heroica Matamoros,Mexico,25.8797,-97.5042,9,5,9,5,0,0,25.8797,23.724999999999998
Herāt,Afghanistan,34.3419,62.2031,1,1,1,1,0,0,34.3419,16.094166666666666
Heshan,China,22.7667,112.95,9,9,9,9,0,0,22.7667,23.2075
Heyuan,China,23.7443,114.7002,8,7,7,7,1,0,23.7443,21.56833333333333
Heze,China,35.2343,115.4796,5,4,5,4,0,0,35.2343,15.1025
Hezhou,China,24.4042,111.5672,7,6,7,6,0,0,24.4042,19.415833333333335
Himeji,Japan,34.8167,134.6833,5,4,4,4,1,0,34.8167,16.261666666666667
Hiroshima,Japan,34.3914,132.4519,4,4,4,4,0,0,34.3914,14.770833333333334
Ho Chi Minh City,Vietnam,10.7756,106.7019,12,12,12,12,0,0,10.7756,27.633333333333336
Hohhot,China,40.842,111.749,3,4,3,3,0,1,40.842,6.680833333333333
Homs,Syria,34.7319,36.7181,6,4,6,4,0,0,34.7319,18.095833333333335
Homyel’,Belarus,52.4453,30.9842,2,3,0,3,2,0,52.4453,7.675833333333333
Honchō,Japan,35.6946,139.9826,4,4,4,4,0,0,35.6946,15.714166666666666
Hong Kong,Hong Kong,22.3,114.2,9,11,9,9,0,2,22.3,23.205
Houston,United States,29.786,-95.3885,7,5,7,5,0,0,29.786,20.903333333333332
Huaibei,China,33.956,116.798,5,4,5,4,0,0,33.956,15.3075
Huaihua,China,27.5698,110.0016,5,5,5,5,0,0,27.5698,17.246666666666666
Huainan,China,32.6314,117.0194,5,4,5,4,0,0,32.6314,16.094166666666666
Huaiyin,China,33.5819,119.028,5,4,5,4,0,0,33.5819,15.455
Huai’an,China,33.551,119.113,5,4,5,4,0,0,33.551,15.455
Huambo,Angola,-12.7767,15.7347,8,12,3,12,5,0,12.7767,18.982499999999998
Huanggang,China,30.4537,114.8724,6,4,5,4,1,0,30.4537,17.854166666666668
Huanglongsi,China,34.795,114.345,5,4,5,4,0,0,34.795,15.5075
Huangshan,China,29.7149,118.3376,5,4,5,4,0,0,29.7149,16.424166666666668
Huangshi,China,30.2011,115.039,6,4,5,4,1,0,30.2011,17.811666666666667
Huazhou,China,21.664,110.6396,9,11,9,11,0,0,21.664,23.7375
Hubli,India,15.3502,75.1376,12,12,12,12,0,0,15.3502,25.021666666666665
Huilong,China,31.87,121.703,6,4,5,4,1,0,31.87,16.537499999999998
Huizhou,China,23.112,114.416,9,9,8,8,1,1,23.112,22.515833333333333
Huludao,China,40.711,120.837,4,4,4,4,0,0,40.711,10.338333333333333
Huzhou,China,30.8925,120.0875,6,4,5,4,1,0,30.8925,17.331666666666667
Huế,Vietnam,16.4619,107.5955,12,12,12,12,0,0,16.4619,25.559166666666666
Hwasu-dong,"Korea, South",37.1997,126.8314,4,3,4,3,0,0,37.1997,12.150833333333333
Hyderabad City,Pakistan,25.3792,68.3683,7,2,6,2,1,0,25.3792,27.138333333333332
Hyderābād,India,17.3617,78.4747,10,9,9,9,1,0,17.3617,26.3325
Hāora,India,22.58,88.3294,11,12,12,12,-1,0,22.58,26.304166666666664
Ibadan,Nigeria,7.3964,3.9167,12,12,12,12,0,0,7.3964,26.088333333333335
Ibagué,Colombia,4.4333,-75.2333,0,12,0,12,0,0,4.4333,16.241666666666667
Ikare,Nigeria,7.5167,5.75,12,12,12,12,0,0,7.5167,25.540000000000003
Ikeja,Nigeria,6.6,3.35,12,12,12,12,0,0,6.6,26.691666666666666
Ile-Ife,Nigeria,7.4833,4.5592,12,12,12,12,0,0,7.4833,25.875833333333333
Iloilo,Philippines,10.72,122.57,12,12,12,12,0,0,10.72,27.00916666666667
Ilorin,Nigeria,8.5,4.55,11,10,12,11,-1,-1,8.5,26.8175
Incheon,"Korea, South",37.4833,126.6333,4,4,4,4,0,0,37.4833,12.278333333333334
Indianapolis,United States,39.7771,-86.1458,4,4,4,4,0,0,39.7771,11.891666666666666
Indore,India,22.7167,75.8472,8,9,8,7,0,2,22.7167,25.501666666666665
Ipoh,Malaysia,4.6,101.065,12,12,12,12,0,0,4.6,26.473333333333333
Irapuato,Mexico,20.6667,-101.35,7,10,6,9,1,1,20.6667,19.739166666666666
Irbid,Jordan,32.55,35.85,6,4,6,4,0,0,32.55,19.058333333333334
Irkutsk,Russia,52.2892,104.28,0,3,0,2,0,1,52.2892,0.668333333333333
Islamabad,Pakistan,33.6931,73.0639,6,3,6,3,0,0,33.6931,21.065833333333334
Istanbul,Turkey,41.0136,28.955,4,4,4,4,0,0,41.0136,14.866666666666667
Itabashi,Japan,35.7667,139.6833,5,4,4,4,1,0,35.7667,15.844999999999999
Ixtapaluca,Mexico,19.3186,-98.8822,0,3,0,1,0,2,19.3186,14.131666666666668
Izhevsk,Russia,56.8333,53.1833,1,3,1,3,0,0,56.8333,3.513333333333333
Jabalpur,India,23.1667,79.9333,7,6,7,6,0,0,23.1667,25.513333333333335
Jaboatão dos Guararapes,Brazil,-8.1128,-35.015,12,12,12,12,0,0,8.1128,25.891666666666666
Jacksonville,United States,30.3322,-81.6749,7,5,7,5,0,0,30.3322,20.528333333333332
Jaipur,India,26.9,75.8,6,2,6,2,0,0,26.9,25.163333333333338
Jakarta,Indonesia,-6.175,106.8275,12,12,12,12,0,0,6.175,26.949166666666667
Jalandhar,India,31.326,75.5762,6,2,6,2,0,0,31.326,23.25583333333333
Jalingo,Nigeria,8.9,11.3667,7,6,6,6,1,0,8.9,28.555833333333336
Jambi,Indonesia,-1.59,103.61,12,12,12,12,0,0,1.59,26.7375
Jammu,India,32.73,74.87,6,2,5,2,1,0,32.73,22.316666666666666
Jamshedpur,India,22.7925,86.1842,9,9,8,9,1,0,22.7925,25.793333333333333
Jeddah,Saudi Arabia,21.5428,39.1728,11,8,12,10,-1,-2,21.5428,28.430000000000003
Jerusalem,Israel,31.7789,35.2256,6,4,6,4,0,0,31.7789,19.486666666666668
Jhānsi,India,25.4486,78.5696,7,2,6,3,1,-1,25.4486,25.809166666666666
Jiaji,China,19.2431,110.4642,12,12,12,12,0,0,19.2431,24.86583333333333
Jiamusi,China,46.8,130.319,3,3,3,3,0,0,46.8,3.853333333333333
Jiancheng,China,30.38,104.53,6,5,5,4,1,1,30.38,17.834166666666665
Jiangguanchi,China,34.037,113.852,5,4,5,4,0,0,34.037,15.639166666666666
Jiangmen,China,22.5789,113.0815,9,9,9,9,0,0,22.5789,23.054999999999996
Jianguang,China,28.1958,115.7833,7,5,6,5,1,0,28.1958,18.964166666666667
Jiangyin,China,31.839,120.295,5,4,5,4,0,0,31.839,16.5975
Jianshe,China,34.2137,113.7629,5,4,5,4,0,0,34.2137,15.468333333333334
Jiaozhou,China,36.2647,120.0334,5,4,4,4,1,0,36.2647,13.512500000000001
Jiaozuo,China,35.2157,113.2419,5,4,5,4,0,0,35.2157,14.407499999999999
Jiaxing,China,30.747,120.756,6,4,5,4,1,0,30.747,17.269166666666667
Jieshou,China,33.257,115.3746,5,4,5,4,0,0,33.257,15.8925
Jieyang,China,23.551,116.3727,8,8,8,8,0,0,23.551,22.333333333333332
Jinan,China,36.6702,117.0207,5,4,5,4,0,0,36.6702,14.32
Jincheng,China,35.491,112.852,4,4,3,4,1,0,35.491,12.104999999999999
Jingcheng,China,32.009,120.263,5,4,5,4,0,0,32.009,16.294166666666666
Jingdezhen,China,29.2917,117.1986,6,5,6,5,0,0,29.2917,18.454166666666666
Jinghong,China,22.009,100.797,9,10,8,10,1,0,22.009,21.983333333333334
Jingling,China,30.664,113.167,5,4,5,4,0,0,30.664,17.069166666666668
Jinhua,China,29.079,119.647,6,5,6,4,0,1,29.079,18.24
Jining,China,35.4151,116.5871,5,4,5,4,0,0,35.4151,14.773333333333333
Jinzhou,China,41.129,121.148,4,4,3,4,1,0,41.129,9.9675
Jin’e,China,29.3394,105.2875,7,5,6,5,1,0,29.3394,18.64
Jiujiang,China,29.661,115.954,6,5,5,4,1,1,29.661,17.634166666666665
Jixi,China,45.295,130.969,2,3,2,3,0,0,45.295,4.144166666666667
Ji’an,China,27.0912,114.9668,7,5,7,5,0,0,27.0912,19.686666666666667
Jodhpur,India,26.28,73.02,6,2,4,2,2,0,26.28,26.845
Johannesburg,South Africa,-26.2044,28.0456,4,5,3,5,1,0,26.2044,16.0675
Jos,Nigeria,9.9167,8.8903,10,11,8,12,2,-1,9.9167,22.55666666666667
João Pessoa,Brazil,-7.12,-34.88,12,12,12,12,0,0,7.12,25.936666666666667
Juiz de Fora,Brazil,-21.7642,-43.3503,10,12,9,12,1,0,21.7642,21.113333333333333
Jurong,China,31.946,119.164,5,4,5,4,0,0,31.946,16.278333333333332
Juárez,Mexico,31.745,-106.485,2,0,3,2,-1,-2,31.745,18.456666666666667
Kabinda,Congo (Kinshasa),-6.13,24.48,12,12,12,12,0,0,6.13,24.05333333333333
Kabul,Afghanistan,34.5253,69.1783,3,4,2,3,1,1,34.5253,9.873333333333333
Kaduna,Nigeria,10.5167,7.4333,9,9,9,9,0,0,10.5167,25.064166666666665
Kagoshima,Japan,31.5969,130.5572,6,4,6,4,0,0,31.5969,18.37
Kahramanmaraş,Turkey,37.5833,36.9333,4,4,4,4,0,0,37.5833,15.165833333333333
Kaihua,China,23.387,104.233,6,6,6,6,0,0,23.387,17.8825
Kaiyuan,China,36.0193,113.86,3,4,3,4,0,0,36.0193,11.2025
Kalleli,India,9.2807,76.8697,12,12,12,12,0,0,9.2807,27.0725
Kalyān,India,19.24,73.13,12,12,12,12,0,0,19.24,26.855
Kampala,Uganda,0.3136,32.5811,12,12,12,12,0,0,0.3136,22.081666666666667
Kananga,Congo (Kinshasa),-5.897,22.4488,12,12,12,12,0,0,5.897,24.400000000000002
Kandahār,Afghanistan,31.62,65.7158,1,0,1,0,0,0,31.62,20.4725
Kannankulam,India,10.52,76.21,12,12,12,12,0,0,10.52,27.4225
Kano,Nigeria,12.0,8.5167,7,9,6,9,1,0,12.0,26.161666666666665
Kansas City,United States,39.1238,-94.5541,4,4,4,4,0,0,39.1238,13.025
Kaohsiung,Taiwan,22.615,120.2975,12,12,12,12,0,0,22.615,25.11583333333333
Karachi,Pakistan,24.86,67.01,12,7,12,7,0,0,24.86,26.143333333333334
Karaikandi,India,24.8309,92.6143,11,8,10,8,1,0,24.8309,24.845
Karaj,Iran,35.8292,50.9675,0,1,0,2,0,-1,35.8292,14.626666666666667
Karbalā’,Iraq,32.6167,44.0333,2,0,2,0,0,0,32.6167,24.74416666666667
Karīmnagar,India,18.4386,79.1288,9,8,9,8,0,0,18.4386,28.099166666666665
Kashgar,China,39.4681,75.9938,4,4,1,3,3,1,39.4681,11.972499999999998
Kassala,Sudan,15.45,36.4,6,5,7,6,-1,-1,15.45,29.315833333333334
Kathmandu,Nepal,27.71,85.32,6,5,5,5,1,0,27.71,17.179166666666667
Kawaguchi,Japan,35.8077,139.7241,5,4,4,4,1,0,35.8077,15.844999999999999
Kawasaki,Japan,35.5167,139.7,5,4,4,4,1,0,35.5167,16.194166666666668
Kayseri,Turkey,38.7225,35.4875,2,3,2,3,0,0,38.7225,10.129166666666666
Kazan,Russia,55.7964,49.1089,1,3,1,3,0,0,55.7964,4.576666666666667
Kemerovo,Russia,55.3667,86.0667,1,3,1,3,0,0,55.3667,1.5791666666666668
Kenitra,Morocco,34.25,-6.5833,6,4,5,4,1,0,34.25,18.111666666666668
Kermān,Iran,30.2625,57.0575,0,1,0,1,0,0,30.2625,16.296666666666667
Kermānshāh,Iran,34.3369,47.0911,0,2,2,2,-2,0,34.3369,14.79
Keçiören,Turkey,40.0,32.8667,3,4,3,3,0,1,40.0,11.808333333333332
Khabarovsk,Russia,48.4833,135.0833,2,3,2,3,0,0,48.4833,2.3499999999999996
Kharkiv,Ukraine,49.9925,36.2311,3,4,2,4,1,0,49.9925,8.395833333333334
Khartoum,Sudan,15.6031,32.5265,2,2,2,2,0,0,15.6031,29.85166666666667
Khartoum North,Sudan,15.6333,32.6333,2,2,2,3,0,-1,15.6333,29.825833333333332
Khulna,Bangladesh,22.8167,89.55,11,12,12,12,-1,0,22.8167,26.087500000000002
Khŭjand,Tajikistan,40.2833,69.6333,5,4,5,4,0,0,40.2833,14.390833333333333
Kibanseke Première,Congo (Kinshasa),-4.4419,15.395,12,12,12,12,0,0,4.4419,25.1725
Kigali,Rwanda,-1.9536,30.0606,12,12,11,12,1,0,1.9536,20.006666666666664
Kimhae,"Korea, South",35.2342,128.8811,4,4,4,4,0,0,35.2342,14.532499999999999
Kingston,Jamaica,17.9714,-76.7931,12,12,12,12,0,0,17.9714,25.3925
Kinshasa,Congo (Kinshasa),-4.3219,15.3119,12,12,12,12,0,0,4.3219,25.278333333333332
Kirkuk,Iraq,35.4667,44.4,3,1,2,1,1,0,35.4667,21.2975
Kisangani,Congo (Kinshasa),0.5167,25.2,12,12,12,12,0,0,0.5167,24.824166666666667
Kitakyūshū,Japan,33.8833,130.8833,5,4,5,4,0,0,33.8833,16.645
Kitchener,Canada,43.4186,-80.4728,2,3,2,3,0,0,43.4186,7.503333333333334
Kitwe,Zambia,-12.8167,28.2,10,12,10,12,0,0,12.8167,21.18583333333333
Klang,Malaysia,3.0223,101.5481,12,12,12,12,0,0,3.0223,27.685833333333335
Knoxville,United States,35.9692,-83.9496,5,4,5,4,0,0,35.9692,15.0225
Kochi,India,9.9312,76.2673,12,12,12,12,0,0,9.9312,26.519166666666667
Kolhāpur,India,16.6917,74.2333,12,12,12,12,0,0,16.6917,24.877499999999998
Kolkāta,India,22.5675,88.37,11,12,12,12,-1,0,22.5675,26.304166666666664
Konya,Turkey,37.8667,32.4833,4,4,3,4,1,0,37.8667,12.516666666666666
Korla,China,41.7259,86.1746,3,4,3,4,0,0,41.7259,10.569166666666666
Kota,India,25.18,75.83,6,2,5,2,1,0,25.18,26.59583333333333
Kotla Qasim Khan,Pakistan,32.5833,73.75,6,2,6,2,0,0,32.5833,23.615
Kottayam,India,9.5916,76.5222,12,12,12,12,0,0,9.5916,27.435000000000002
Kottārasshēri,India,10.775,76.651,12,12,12,12,0,0,10.775,26.4425
Kowloon,Hong Kong,22.3167,114.1833,9,11,9,9,0,2,22.3167,23.205
Kraków,Poland,50.0614,19.9372,2,3,0,3,2,0,50.0614,8.869166666666667
Krasnodar,Russia,45.0333,38.9667,4,4,3,4,1,0,45.0333,12.541666666666666
Krasnoyarsk,Russia,56.0089,92.8719,0,3,0,2,0,1,56.0089,1.09
Kryvyi Rih,Ukraine,47.91,33.39,3,4,3,4,0,0,47.91,9.886666666666667
Kuaidamao,China,41.7283,125.9397,3,3,2,3,1,0,41.7283,5.194999999999999
Kuala Lumpur,Malaysia,3.1686,101.698,12,12,12,12,0,0,3.1686,25.44666666666667
Kuantan,Malaysia,3.83,103.32,12,12,12,12,0,0,3.83,26.7075
Kuiju,China,36.8667,119.4,5,4,5,4,0,0,36.8667,13.612499999999999
Kumamoto,Japan,32.8031,130.7078,6,4,4,4,2,0,32.8031,16.34
Kumasi,Ghana,6.7,-1.625,12,12,12,12,0,0,6.7,26.264166666666668
Kumila,Pakistan,35.25,73.5,0,0,0,0,0,0,35.25,1.7133333333333336
Kunming,China,25.0464,102.7094,4,5,4,5,0,0,25.0464,15.740833333333333
Kuwait City,Kuwait,29.3697,47.9783,4,1,4,1,0,0,29.3697,25.995
Kyaukse,Burma,21.6131,96.1303,11,11,11,11,0,0,21.6131,26.584166666666665
Kyiv,Ukraine,50.45,30.5233,3,4,1,3,2,1,50.45,8.624166666666666
Kyōto,Japan,35.0117,135.7683,4,4,4,4,0,0,35.0117,14.733333333333334
Kōbe,Japan,34.69,135.1956,6,4,4,4,2,0,34.69,16.49
Kōtō-ku,Japan,35.6667,139.8167,5,4,4,4,1,0,35.6667,15.844999999999999
K’ebrī Beyah,Ethiopia,9.0833,43.0833,12,12,12,12,0,0,9.0833,21.087500000000002
La Plata,Argentina,-34.9211,-57.9544,5,4,5,4,0,0,34.9211,16.680833333333332
Lagos,Nigeria,6.455,3.3841,12,12,12,12,0,0,6.455,26.765
Lahore,Pakistan,31.5497,74.3436,7,2,6,2,1,0,31.5497,24.261666666666667
Laibin,China,23.7501,109.2212,8,7,7,7,1,0,23.7501,21.810833333333335
Laiwu,China,36.1833,117.6667,5,4,4,4,1,0,36.1833,12.390833333333333
Laixi,China,36.8667,120.5333,5,4,4,4,1,0,36.8667,13.004166666666668
Laiyang,China,36.9758,120.7136,4,4,4,4,0,0,36.9758,12.625
Langfang,China,39.5383,116.6835,5,4,5,4,0,0,39.5383,13.469166666666666
Langzhong,China,31.558,106.005,5,4,5,4,0,0,31.558,17.536666666666665
Lanxi,China,29.208,119.458,6,5,6,4,0,1,29.208,18.32166666666667
Lanzhou,China,36.0606,103.8268,3,4,2,3,1,1,36.0606,9.100833333333334
Las Palmas,Spain,28.1258,-15.4353,6,5,6,5,0,0,28.1258,18.93
Las Piñas City,Philippines,14.45,120.98,12,12,12,12,0,0,14.45,27.90416666666667
Las Vegas,United States,36.2333,-115.2654,0,1,0,1,0,0,36.2333,18.09166666666667
Latakia,Syria,35.54,35.78,6,4,6,4,0,0,35.54,19.64
Leeds,United Kingdom,53.7975,-1.5436,0,2,0,1,0,1,53.7975,9.656666666666666
Leipzig,Germany,51.34,12.375,2,3,0,3,2,0,51.34,9.889166666666666
Leiyang,China,26.4223,112.8598,7,5,6,5,1,0,26.4223,19.349166666666665
Leizhou,China,20.9143,110.0967,9,12,9,12,0,0,20.9143,24.290000000000003
Leling,China,37.73,117.232,5,4,5,4,0,0,37.73,14.032499999999999
Leping,China,28.978,117.152,7,5,6,5,1,0,28.978,18.723333333333333
Leshan,China,29.552,103.766,6,5,5,5,1,0,29.552,18.103333333333335
León de los Aldama,Mexico,21.1167,-101.6833,7,10,7,9,0,1,21.1167,19.8675
Lhasa,China,29.6534,91.1719,0,0,0,0,0,0,29.6534,3.8958333333333335
Liangshi,China,27.26,111.7442,5,5,5,5,0,0,27.26,17.485833333333332
Lianjiang,China,21.7333,110.2833,9,11,9,10,0,1,21.7333,23.555833333333336
Lianshan,China,40.7523,120.828,4,4,4,4,0,0,40.7523,10.338333333333333
Lianyuan,China,27.692,111.664,5,5,5,5,0,0,27.692,17.108333333333334
Liaocheng,China,36.4559,115.9852,5,4,5,4,0,0,36.4559,14.6775
Liaoyang,China,41.279,123.176,3,4,3,4,0,0,41.279,9.41
Liaoyuan,China,42.888,125.1447,3,4,3,4,0,0,42.888,6.4925
Libreville,Gabon,0.3901,9.4544,12,12,12,12,0,0,0.3901,25.80333333333333
Licheng,China,31.4306,119.4788,5,4,5,4,0,0,31.4306,16.7525
Lichuan,China,30.291,108.9364,4,4,3,4,1,0,30.291,13.114166666666668
Lilongwe,Malawi,-13.9669,33.7873,9,12,8,12,1,0,13.9669,20.650833333333335
Lima,Peru,-12.06,-77.0375,6,12,6,12,0,0,12.06,19.2525
Lincang,China,23.884,100.089,5,6,5,6,0,0,23.884,17.115
Linfen,China,36.088,111.519,4,4,3,4,1,0,36.088,12.245
Lingbao Chengguanzhen,China,34.5176,110.8942,5,4,3,4,2,0,34.5176,12.463333333333333
Lingcheng,China,22.708,110.354,8,9,8,9,0,0,22.708,21.930833333333336
Lingyuan,China,41.25,119.4,3,4,3,4,0,0,41.25,8.6525
Linhai,China,28.85,121.1167,6,4,5,4,1,0,28.85,17.413333333333334
Linyi,China,35.1038,118.3564,5,4,5,4,0,0,35.1038,14.205
Lisbon,Portugal,38.7122,-9.134,4,4,3,4,1,0,38.7122,16.175833333333333
Lishui,China,28.468,119.923,6,5,5,4,1,1,28.468,17.476666666666667
Liuzhou,China,24.3278,109.4278,8,7,7,7,1,0,24.3278,21.713333333333335
Liverpool,United Kingdom,53.4072,-2.9917,0,2,0,2,0,0,53.4072,10.4375
Lokoja,Nigeria,7.8019,6.7442,10,9,12,10,-2,-1,7.8019,28.165000000000003
Lomé,Togo,6.1308,1.2153,12,12,12,12,0,0,6.1308,26.897499999999997
London,United Kingdom,51.5072,-0.1275,0,3,0,2,0,1,51.5072,10.71
Longba,China,33.3702,104.9603,2,3,1,3,1,0,33.3702,9.0525
Longyan,China,25.076,117.017,7,6,6,6,1,0,25.076,18.975833333333334
Loni,India,28.75,77.28,6,2,6,2,0,0,28.75,24.7225
Los Angeles,United States,34.1141,-118.4068,5,4,5,4,0,0,34.1141,17.075
Loudi,China,27.6998,111.9944,6,5,5,5,1,0,27.6998,17.74833333333333
Louisville,United States,38.1663,-85.6485,5,4,4,4,1,0,38.1663,13.705
Luanda,Angola,-8.8383,13.2344,12,12,12,12,0,0,8.8383,25.0575
Luanzhou,China,39.741,118.704,5,4,5,4,0,0,39.741,11.804166666666667
Lubango,Angola,-14.9167,13.5,2,12,1,10,1,2,14.9167,17.911666666666665
Lubumbashi,Congo (Kinshasa),-11.6647,27.4794,10,12,10,12,0,0,11.6647,21.11916666666667
Lucknow,India,26.85,80.95,6,2,6,2,0,0,26.85,25.246666666666666
Ludhiāna,India,30.91,75.85,6,2,6,2,0,0,30.91,23.444166666666664
Luocheng,China,22.7689,111.5697,8,9,7,8,1,1,22.7689,21.837500000000002
Luofeng,China,37.359,120.396,4,4,4,4,0,0,37.359,12.415
Luohe,China,33.5804,114.0166,5,4,5,4,0,0,33.5804,15.826666666666668
Luoyang,China,34.6197,112.4539,5,4,5,4,0,0,34.6197,14.506666666666668
Lusaka,Zambia,-15.4167,28.2833,10,12,8,12,2,0,15.4167,21.24083333333333
Luzhou,China,28.871,105.442,7,5,6,5,1,0,28.871,18.615833333333335
Lu’an,China,31.736,116.52,5,4,5,4,0,0,31.736,16.4025
Lviv,Ukraine,49.8425,24.0322,2,3,0,3,2,0,49.8425,8.614166666666666
Lyon,France,45.76,4.84,3,4,2,3,1,1,45.76,12.013333333333334
Macapá,Brazil,0.033,-51.05,12,12,12,12,0,0,0.033,27.02333333333333
Macau,Macau,22.2006,113.5461,9,10,9,9,0,1,22.2006,23.355
Maceió,Brazil,-9.6658,-35.735,12,12,12,12,0,0,9.6658,25.62
Macheng,China,31.173,115.008,5,4,5,4,0,0,31.173,16.326666666666664
Madrid,Spain,40.4169,-3.7033,4,3,4,4,0,-1,40.4169,14.895000000000001
Madurai,India,9.9252,78.1198,11,8,11,9,0,-1,9.9252,28.794166666666666
Maiduguri,Nigeria,11.8372,13.1542,6,7,5,5,1,2,11.8372,27.686666666666667
Maipú,Chile,-33.5167,-70.7667,4,4,4,4,0,0,33.5167,15.5675
Makassar,Indonesia,-5.1331,119.4136,12,12,12,12,0,0,5.1331,26.74416666666667
Makati City,Philippines,14.5567,121.0214,12,12,12,12,0,0,14.5567,27.90416666666667
Makhachkala,Russia,42.9825,47.505,4,4,4,4,0,0,42.9825,12.590000000000002
Malang,Indonesia,-7.98,112.62,12,12,12,12,0,0,7.98,21.7975
Malanje,Angola,-9.5333,16.35,12,12,12,12,0,0,9.5333,21.9075
Mamak,Turkey,39.9422,32.9231,3,4,2,3,1,1,39.9422,11.370833333333332
Managua,Nicaragua,12.1364,-86.2514,12,11,12,12,0,-1,12.1364,28.055833333333336
Manama,Bahrain,26.2233,50.5875,8,2,9,3,-1,-1,26.2233,26.21166666666667
Manchester,United Kingdom,53.479,-2.2452,0,2,0,0,0,2,53.479,9.4125
Mandalay,Burma,21.9831,96.0844,11,10,11,10,0,0,21.9831,27.400000000000002
Mangalore,India,12.8717,74.8425,12,12,12,12,0,0,12.8717,26.8275
Manhattan,United States,40.7834,-73.9662,4,4,4,4,0,0,40.7834,12.475
Manila,Philippines,14.5958,120.9772,12,12,12,12,0,0,14.5958,27.90416666666667
Maoming,China,21.6627,110.9255,9,11,9,10,0,1,21.6627,23.310833333333335
Maputo,Mozambique,-25.9153,32.5764,12,6,12,6,0,0,25.9153,23.055833333333336
Mar del Plata,Argentina,-38.0,-57.55,3,4,2,4,1,0,38.0,14.418333333333335
Maracaibo,Venezuela,10.6333,-71.6333,12,12,12,12,0,0,10.6333,28.55666666666667
Maracay,Venezuela,10.2469,-67.5961,12,12,12,12,0,0,10.2469,23.477500000000003
Marrakech,Morocco,31.63,-8.0089,6,4,6,4,0,0,31.63,19.339166666666667
Marseille,France,43.2964,5.37,4,4,4,4,0,0,43.2964,15.7025
Masbate,Philippines,12.27,123.58,12,12,12,12,0,0,12.27,27.731666666666666
Mashhad,Iran,36.3264,59.5433,3,4,3,4,0,0,36.3264,12.686666666666667
Masqaţ,Oman,23.614,58.5911,6,5,7,4,-1,1,23.614,28.144166666666667
Matola,Mozambique,-25.9667,32.4667,12,6,12,6,0,0,25.9667,23.055833333333336
Matsuyama,Japan,33.8333,132.7667,4,4,4,4,0,0,33.8333,15.6225
Maturín,Venezuela,9.75,-63.183,12,12,12,12,0,0,9.75,26.320833333333336
Mazatlán,Mexico,23.2167,-106.4167,12,12,12,12,0,0,23.2167,24.895833333333332
Ma’anshan,China,31.669,118.507,5,4,5,4,0,0,31.669,16.581666666666667
Mbandaka,Congo (Kinshasa),0.0478,18.2558,12,12,12,12,0,0,0.0478,25.703333333333333
Mbeya,Tanzania,-8.9,33.45,4,11,2,10,2,1,8.9,17.73
Mbuji-Mayi,Congo (Kinshasa),-6.15,23.6,12,12,12,12,0,0,6.15,24.7
McAllen,United States,26.2252,-98.2467,9,5,9,5,0,0,26.2252,24.111666666666668
Mecca,Saudi Arabia,21.4225,39.8261,5,4,6,5,-1,-1,21.4225,30.058333333333334
Medan,Indonesia,3.5894,98.6739,12,12,12,12,0,0,3.5894,26.503333333333334
Medellín,Colombia,6.2308,-75.5906,0,12,0,12,0,0,6.2308,17.223333333333333
Medina,Saudi Arabia,24.47,39.61,2,0,2,0,0,0,24.47,27.626666666666665
Meerut,India,28.98,77.71,6,2,6,2,0,0,28.98,24.436666666666667
Meihekou,China,42.5407,125.7107,3,4,3,3,0,1,42.5407,6.374166666666667
Meilan,China,19.999,110.403,12,12,11,12,1,0,19.999,24.554999999999996
Meishan,China,30.0771,103.8484,6,5,5,4,1,1,30.0771,17.919999999999998
Meizhou,China,24.289,116.122,8,7,7,7,1,0,24.289,21.57166666666667
Meknès,Morocco,33.895,-5.5547,6,4,5,4,1,0,33.895,18.346666666666668
Melbourne,Australia,-37.8142,144.9631,2,4,2,4,0,0,37.8142,14.404166666666667
Melikgazi,Turkey,38.7167,35.5,2,3,2,3,0,0,38.7167,10.129166666666666
Memphis,United States,35.1087,-89.9663,5,4,5,4,0,0,35.1087,16.68
Mersin,Turkey,36.8,34.6333,6,4,6,4,0,0,36.8,19.999166666666667
Mesa,United States,33.4015,-111.7178,1,0,1,0,0,0,33.4015,22.583333333333332
Mexicali,Mexico,32.6633,-115.4678,0,0,1,0,-1,0,32.6633,24.346666666666668
Mexico City,Mexico,19.4333,-99.1333,0,5,0,3,0,2,19.4333,14.706666666666665
Miami,United States,25.784,-80.2101,12,5,12,5,0,0,25.784,24.655833333333334
Mianyang,China,31.468,104.679,6,4,5,4,1,0,31.468,17.4275
Milan,Italy,45.4669,9.19,4,4,4,4,0,0,45.4669,14.06
Miluo Chengguanzhen,China,28.761,113.16,6,5,5,5,1,0,28.761,17.970000000000002
Milwaukee,United States,43.0642,-87.9675,3,3,3,3,0,0,43.0642,8.949166666666667
Minneapolis,United States,44.9635,-93.2678,3,3,3,3,0,0,44.9635,7.69
Minsk,Belarus,53.9006,27.5586,0,3,0,3,0,0,53.9006,6.535833333333334
Mirzāpur,India,25.146,82.569,7,3,7,3,0,0,25.146,25.96666666666667
Mission Viejo,United States,33.6096,-117.6551,4,4,3,4,1,0,33.6096,16.715
Mississauga,Canada,43.6,-79.65,2,3,2,3,0,0,43.6,8.650833333333333
Mixco,Guatemala,14.6331,-90.6064,12,12,10,12,2,0,14.6331,20.826666666666668
Mogadishu,Somalia,2.0392,45.3419,12,12,12,12,0,0,2.0392,26.298333333333332
Mombasa,Kenya,-4.05,39.6667,12,12,12,12,0,0,4.05,26.339166666666667
Monrovia,Liberia,6.3133,-10.8014,12,12,12,12,0,0,6.3133,25.9825
Monterrey,Mexico,25.6844,-100.3181,8,6,7,6,1,0,25.6844,21.801666666666666
Montevideo,Uruguay,-34.9056,-56.1842,4,4,4,4,0,0,34.9056,16.654999999999998
Montréal,Canada,45.5089,-73.5617,3,3,3,3,0,0,45.5089,7.070833333333333
Morelia,Mexico,19.7683,-101.1894,6,10,3,9,3,1,19.7683,18.080833333333334
Morādābād,India,28.8319,78.7764,6,2,6,2,0,0,28.8319,24.543333333333333
Moscow,Russia,55.7506,37.6175,1,3,0,3,1,0,55.7506,5.72
Mosul,Iraq,36.3667,43.1167,3,1,2,1,1,0,36.3667,21.438333333333333
Mudanjiang,China,44.5514,129.6329,3,3,2,3,1,0,44.5514,4.205
Multan,Pakistan,30.1978,71.4697,4,0,3,0,1,0,30.1978,26.010833333333334
Mumbai,India,19.0761,72.8775,12,12,12,12,0,0,19.0761,26.631666666666664
Munich,Germany,48.1375,11.575,2,3,0,3,2,0,48.1375,9.5725
Muntinlupa City,Philippines,14.38,121.05,12,12,12,12,0,0,14.38,27.90416666666667
Murcia,Spain,37.9861,-1.1303,6,4,5,4,1,0,37.9861,17.982499999999998
Muscat,Oman,23.6139,58.5922,6,5,7,4,-1,1,23.6139,28.144166666666667
Mushin,Nigeria,6.5333,3.35,12,12,12,12,0,0,6.5333,26.691666666666666
Mwanza,Tanzania,-2.5167,32.9,12,12,12,12,0,0,2.5167,23.3175
Mymensingh,Bangladesh,24.7504,90.38,11,8,10,8,1,0,24.7504,24.874166666666667
Mysore,India,12.3086,76.6531,12,12,12,12,0,0,12.3086,24.555000000000003
Málaga,Spain,36.7194,-4.42,4,4,4,4,0,0,36.7194,16.890833333333333
Mérida,Mexico,20.9667,-89.6167,12,12,12,12,0,0,20.9667,26.508333333333336
Naberezhnyye Chelny,Russia,55.6833,52.3167,1,3,1,3,0,0,55.6833,4.265833333333333
Nada,China,19.5209,109.5808,11,12,11,12,0,0,19.5209,24.3425
Nagoya,Japan,35.1833,136.9,5,4,4,4,1,0,35.1833,15.893333333333333
Nairobi,Kenya,-1.2864,36.8172,8,12,4,12,4,0,1.2864,18.9225
Najafgarh,India,28.6125,76.9847,6,2,6,2,0,0,28.6125,25.015
Namangan,Uzbekistan,41.0011,71.6683,2,1,2,1,0,0,41.0011,15.701666666666666
Nampo,"Korea, North",38.7356,125.4089,4,4,4,4,0,0,38.7356,11.553333333333333
Nampula,Mozambique,-15.1167,39.2667,12,12,12,12,0,0,15.1167,23.795833333333334
Nanchang,China,28.683,115.858,6,5,6,5,0,0,28.683,18.350833333333334
Nanchong,China,30.8372,106.1106,6,4,5,4,1,0,30.8372,18.084999999999997
Nangandao,China,35.3036,113.9268,5,4,5,4,0,0,35.3036,15.25
Nanjing,China,32.0608,118.7789,5,4,5,4,0,0,32.0608,16.370833333333334
Nanning,China,22.8167,108.3275,8,9,8,9,0,0,22.8167,22.3875
Nanping,China,26.6418,118.1774,7,5,7,5,0,0,26.6418,19.798333333333336
Nansana,Uganda,0.3639,32.5286,12,12,12,12,0,0,0.3639,22.081666666666667
Nantong,China,31.981,120.894,6,4,5,4,1,0,31.981,16.410833333333333
Nanyang,China,32.9902,112.5285,5,4,5,4,0,0,32.9902,15.847499999999998
Naples,Italy,40.8358,14.2486,5,4,4,4,1,0,40.8358,17.268333333333334
Narela,India,28.85,77.1,6,2,6,2,0,0,28.85,24.824166666666667
Nashville,United States,36.1715,-86.7842,5,4,5,4,0,0,36.1715,15.521666666666667
Natal,Brazil,-5.795,-35.2089,12,12,12,12,0,0,5.795,26.02333333333333
Naucalpan de Juárez,Mexico,19.4753,-99.2378,0,5,0,3,0,2,19.4753,14.706666666666665
Nava Raipur,India,21.161,81.787,10,8,9,8,1,0,21.161,26.74666666666667
Nay Pyi Taw,Burma,19.7475,96.115,11,10,11,10,0,0,19.7475,26.354166666666668
Ndola,Zambia,-12.9689,28.6325,10,12,10,12,0,0,12.9689,21.09
Neijiang,China,29.5802,105.058,7,5,5,5,2,0,29.5802,18.5725
Nellore,India,14.4431,79.9861,10,10,10,10,0,0,14.4431,28.955
Nenjiang,China,49.11,125.13,3,3,1,3,2,0,49.11,1.7400000000000002
Nerima,Japan,35.7356,139.6517,5,4,4,4,1,0,35.7356,15.844999999999999
New Haven,United States,41.3113,-72.9246,4,3,2,3,2,0,41.3113,11.205
New Orleans,United States,30.0687,-89.9288,7,5,7,5,0,0,30.0687,20.86
New York,United States,40.6943,-73.9249,4,4,4,4,0,0,40.6943,12.475
Newcastle,South Africa,-27.7464,29.9328,5,5,5,5,0,0,27.7464,17.030833333333334
Nezahualcóyotl,Mexico,19.4081,-99.0186,2,8,0,7,2,1,19.4081,16.656666666666666
Nha Trang,Vietnam,12.245,109.1917,12,12,12,12,0,0,12.245,26.78333333333333
Niamey,Niger,13.515,2.1175,3,5,3,5,0,0,13.515,29.367500000000003
Nicosia,Cyprus,35.1667,33.3667,6,3,6,4,0,-1,35.1667,20.24416666666667
Niigata,Japan,37.9161,139.0364,4,4,4,4,0,0,37.9161,14.375833333333333
Nilüfer,Turkey,40.2833,28.95,4,4,4,4,0,0,40.2833,14.048333333333332
Ningbo,China,29.8603,121.6245,6,4,6,4,0,0,29.8603,17.504166666666666
Ningde,China,26.6662,119.5477,6,5,6,5,0,0,26.6662,18.8
Ninh Bình,Vietnam,20.25,105.8333,9,12,9,12,0,0,20.25,24.000833333333333
Nizhniy Novgorod,Russia,56.3269,44.0075,1,3,1,3,0,0,56.3269,5.132499999999999
Nneyi-Umuleri,Nigeria,6.3333,6.8333,12,12,12,12,0,0,6.3333,27.291666666666668
Noida,India,28.57,77.32,6,2,6,2,0,0,28.57,24.860833333333332
Nouakchott,Mauritania,18.0858,-15.9785,12,12,12,12,0,0,18.0858,25.17
Novokuznetsk,Russia,53.7667,87.1333,1,3,1,3,0,0,53.7667,2.4091666666666667
Novosibirsk,Russia,55.05,82.95,1,3,1,3,0,0,55.05,1.831666666666666
Nuremberg,Germany,49.4539,11.0775,2,3,0,3,2,0,49.4539,9.420833333333333
Nādampālaiyam,India,11.0125,76.9714,12,12,12,12,0,0,11.0125,26.066666666666666
Nāgpur,India,21.1497,79.0806,8,8,8,8,0,0,21.1497,26.860833333333332
Nānded,India,19.15,77.3,9,8,9,9,0,-1,19.15,27.343333333333334
Nārāyanganj,Bangladesh,23.6167,90.5,11,11,12,11,-1,0,23.6167,25.794166666666666
Nāsik,India,19.9975,73.7898,12,12,12,11,0,1,19.9975,23.88083333333333
N’Djamena,Chad,12.1053,15.0447,3,3,3,4,0,-1,12.1053,28.96666666666667
Odesa,Ukraine,46.492,30.7081,3,4,3,4,0,0,46.492,11.504166666666668
Ogbomoso,Nigeria,8.1333,4.25,12,12,12,12,0,0,8.1333,26.165000000000003
Ogden,United States,41.2279,-111.9682,2,3,2,3,0,0,41.2279,9.054166666666667
Okayama,Japan,34.65,133.9167,6,4,4,4,2,0,34.65,16.598333333333333
Oklahoma City,United States,35.4676,-97.5136,5,4,5,4,0,0,35.4676,16.180833333333336
Omaha,United States,41.2627,-96.0529,4,4,3,4,1,0,41.2627,10.819166666666668
Omdurman,Sudan,15.6835,32.4629,2,2,3,3,-1,-1,15.6835,29.540833333333335
Omsk,Russia,54.9833,73.3667,1,3,1,3,0,0,54.9833,2.0941666666666667
Onitsha,Nigeria,6.1667,6.7833,12,12,12,12,0,0,6.1667,27.291666666666668
Oran,Algeria,35.6969,-0.6331,6,4,5,4,1,0,35.6969,18.66
Orenburg,Russia,51.7833,55.1,3,4,3,4,0,0,51.7833,5.665833333333333
Orlando,United States,28.4773,-81.337,9,5,9,5,0,0,28.4773,22.25916666666667
Orūmīyeh,Iran,37.5439,45.0647,3,4,2,3,1,1,37.5439,10.601666666666667
Osasco,Brazil,-23.5328,-46.7919,8,8,7,7,1,1,23.5328,20.06416666666667
Oslo,Norway,59.9133,10.7389,0,2,0,1,0,1,59.9133,5.8325
Osmangazi,Turkey,40.1983,29.06,4,4,4,4,0,0,40.1983,14.048333333333332
Osogbo,Nigeria,7.7667,4.5667,12,12,12,12,0,0,7.7667,25.830833333333334
Ottawa,Canada,45.4247,-75.695,2,3,2,3,0,0,45.4247,6.225833333333334
Ouagadougou,Burkina Faso,12.3686,-1.5275,5,5,6,8,-1,-3,12.3686,28.416666666666668
Oujda-Angad,Morocco,34.6867,-1.9114,4,4,4,4,0,0,34.6867,17.160833333333333
Owerri,Nigeria,5.485,7.035,12,12,12,12,0,0,5.485,26.0825
Palembang,Indonesia,-2.9861,104.7556,12,12,12,12,0,0,2.9861,26.867500000000003
Palermo,Colombia,2.8917,-75.4375,12,12,12,12,0,0,2.8917,22.471666666666668
Palermo,Italy,38.1157,13.3613,5,4,4,4,1,0,38.1157,17.143333333333334
Palm Bay,United States,27.9631,-80.6593,9,5,9,5,0,0,27.9631,22.933333333333334
Palma,Spain,39.5667,2.65,6,4,5,4,1,0,39.5667,18.154166666666665
Panama City,Panama,8.9711,-79.5347,12,12,12,12,0,0,8.9711,26.190833333333334
Parachinar,Pakistan,33.9,70.1,3,4,3,4,0,0,33.9,10.522499999999999
Paris,France,48.8567,2.3522,2,3,0,3,2,0,48.8567,11.480833333333331
Pasig City,Philippines,14.5605,121.0765,12,12,12,12,0,0,14.5605,27.90416666666667
Patiāla,India,30.34,76.38,7,2,6,2,1,0,30.34,23.680000000000003
Patna,India,25.594,85.1376,8,2,8,2,0,0,25.594,25.854166666666668
Pekanbaru,Indonesia,0.5092,101.4453,12,12,12,12,0,0,0.5092,26.848333333333333
Pendik,Turkey,40.8747,29.235,4,4,4,4,0,0,40.8747,14.633333333333333
Pereira,Colombia,4.8143,-75.6946,12,12,12,12,0,0,4.8143,19.429166666666667
Perm,Russia,58.0,56.3167,0,3,0,2,0,1,58.0,2.705
Perth,Australia,-31.9558,115.8597,6,4,6,4,0,0,31.9558,18.694166666666664
Peshawar,Pakistan,34.0144,71.5675,5,2,6,2,-1,0,34.0144,21.845
Petaling Jaya,Malaysia,3.0833,101.65,12,12,12,12,0,0,3.0833,26.477500000000003
Peyanvilai,India,8.9,77.9833,11,8,12,11,-1,-3,8.9,29.474999999999998
Philadelphia,United States,40.0077,-75.1339,4,4,4,4,0,0,40.0077,13.195833333333333
Phnom Penh,Cambodia,11.5696,104.921,12,12,12,12,0,0,11.5696,28.492499999999996
Phoenix,United States,33.5722,-112.0892,1,0,1,0,0,0,33.5722,23.236666666666665
Pietermaritzburg,South Africa,-29.6167,30.3833,5,5,4,4,1,1,29.6167,17.410833333333333
Pikine,Senegal,14.744,-17.4021,12,12,12,12,0,0,14.744,24.060000000000002
Pimpri-Chinchwad,India,18.6186,73.8037,12,12,12,12,0,0,18.6186,23.659166666666664
Pingdingshan,China,33.7666,113.1926,5,4,5,4,0,0,33.7666,15.6425
Pingdu,China,36.7769,119.9884,5,4,4,4,1,0,36.7769,13.042499999999999
Pinghu,China,30.7,121.0167,6,4,5,4,1,0,30.7,17.330000000000002
Pingliang,China,35.5424,106.6649,3,4,2,3,1,1,35.5424,9.195833333333333
Pingxiang,China,27.659,113.887,6,5,6,5,0,0,27.659,18.091666666666665
Pittsburgh,United States,40.4397,-79.9763,3,4,3,4,0,0,40.4397,11.075833333333334
Pizhou,China,34.398,117.89,5,4,5,4,0,0,34.398,14.7975
Pohang,"Korea, South",36.0322,129.365,4,4,4,4,0,0,36.0322,13.785833333333334
Pointe-Noire,Congo (Brazzaville),-4.7975,11.8503,12,12,12,12,0,0,4.7975,25.01833333333333
Pontianak,Indonesia,-0.0206,109.3414,12,12,12,12,0,0,0.0206,26.584999999999997
Port Harcourt,Nigeria,4.8242,7.0336,12,12,12,12,0,0,4.8242,26.337500000000002
Port Said,Egypt,31.2625,32.3061,8,4,7,4,1,0,31.2625,21.149166666666666
Port Sudan,Sudan,19.6158,37.2164,8,7,9,8,-1,-1,19.6158,28.31833333333333
Port-Bouët,Côte d’Ivoire,5.2568,-3.963,12,12,12,12,0,0,5.2568,26.04416666666667
Port-au-Prince,Haiti,18.5425,-72.3386,12,12,12,12,0,0,18.5425,22.915833333333335
Portland,United States,45.5371,-122.65,2,3,2,3,0,0,45.5371,11.737499999999999
Porto Alegre,Brazil,-30.0328,-51.23,7,5,7,5,0,0,30.0328,19.790833333333335
Portsmouth,United Kingdom,50.8058,-1.0872,0,2,0,2,0,0,50.8058,11.445833333333333
Poznań,Poland,52.4083,16.9336,2,3,0,3,2,0,52.4083,9.2825
Prague,Czechia,50.0875,14.4214,2,3,0,3,2,0,50.0875,9.476666666666667
Prayagraj,India,25.4358,81.8464,7,2,7,2,0,0,25.4358,25.8225
Pretoria,South Africa,-25.7461,28.1881,6,5,6,5,0,0,25.7461,18.087500000000002
Providence,United States,41.823,-71.4187,3,3,3,3,0,0,41.823,10.8375
Provo,United States,40.2457,-111.6457,2,3,2,3,0,0,40.2457,8.888333333333334
Pudong,China,31.2347,121.5064,6,4,5,4,1,0,31.2347,17.0675
Puebla,Mexico,19.0333,-98.1833,4,10,1,9,3,1,19.0333,17.614166666666666
Puente Alto,Chile,-33.6167,-70.5667,0,3,0,3,0,0,33.6167,10.708333333333334
Pune,India,18.5203,73.8567,12,12,12,12,0,0,18.5203,23.659166666666664
Puning,China,23.298,116.166,8,8,8,8,0,0,23.298,22.337500000000002
Putian,China,25.4526,119.0078,7,6,6,6,1,0,25.4526,20.25166666666667
Puxi,China,35.2125,114.735,5,4,5,4,0,0,35.2125,15.238333333333335
Puyang,China,35.7627,115.0292,5,4,5,4,0,0,35.7627,15.0875
Puyang Chengguanzhen,China,35.7004,114.98,5,4,5,4,0,0,35.7004,15.0875
Pyongyang,"Korea, North",39.0167,125.7475,4,4,4,4,0,0,39.0167,11.229999999999999
Pānīpat,India,29.3875,76.97,6,2,6,2,0,0,29.3875,24.29416666666667
Qamdo,China,31.143,97.17,0,0,0,0,0,0,31.143,1.5574999999999999
Qaraghandy,Kazakhstan,49.8028,73.1056,3,3,1,3,2,0,49.8028,3.751666666666667
Qianxi,China,27.0087,106.0323,5,4,4,4,1,0,27.0087,14.469166666666666
Qian’an,China,39.999,118.701,5,4,4,4,1,0,39.999,11.479999999999999
Qinbaling,China,35.7091,107.6436,3,4,3,4,0,0,35.7091,10.755
Qincheng,China,34.5815,105.7248,3,4,2,3,1,1,34.5815,9.939166666666667
Qingdao,China,36.0669,120.3827,4,3,4,3,0,0,36.0669,13.346666666666666
Qingnian,China,36.8494,115.7061,5,4,5,4,0,0,36.8494,14.721666666666666
Qingping,China,34.539,113.391,5,4,5,4,0,0,34.539,14.951666666666666
Qingyang,China,24.7816,118.5517,8,7,8,7,0,0,24.7816,21.535833333333333
Qingyuan,China,23.682,113.056,8,7,7,7,1,0,23.682,21.638333333333335
Qingzhou,China,36.6853,118.4796,5,4,5,4,0,0,36.6853,13.806666666666667
Qinhuangdao,China,39.8882,119.5202,4,4,3,4,1,0,39.8882,10.352500000000001
Qinzhou,China,21.981,108.654,9,9,9,9,0,0,21.981,23.02333333333333
Qionghu,China,28.945,112.598,6,5,6,5,0,0,28.945,18.131666666666664
Qiqihar,China,47.3549,123.9182,3,4,3,3,0,1,47.3549,4.4783333333333335
Qom,Iran,34.64,50.8764,2,0,0,0,2,0,34.64,20.399166666666666
Quanzhou,China,24.8744,118.6757,8,7,8,7,0,0,24.8744,21.604166666666668
Quebec City,Canada,46.8139,-71.2081,2,3,1,3,1,0,46.8139,5.385000000000001
Queens,United States,40.7498,-73.7976,4,4,4,4,0,0,40.7498,12.4125
Querétaro,Mexico,20.5875,-100.3928,6,9,3,8,3,1,20.5875,18.1775
Quetta,Pakistan,30.1833,67.0,2,3,2,3,0,0,30.1833,16.19333333333333
Quezon City,Philippines,14.65,121.0475,12,12,12,12,0,0,14.65,27.545
Qufu,China,35.5819,116.9862,5,4,5,4,0,0,35.5819,14.398333333333333
Quito,Ecuador,-0.22,-78.5125,0,0,0,0,0,0,0.22,12.8775
Qujing,China,25.491,103.796,4,5,3,5,1,0,25.491,14.935
Quzhou,China,28.9702,118.8593,6,5,5,4,1,1,28.9702,17.639166666666664
Rabat,Morocco,34.0209,-6.8416,6,4,5,4,1,0,34.0209,18.391666666666666
Raipur,India,21.2444,81.6306,10,8,9,8,1,0,21.2444,26.74666666666667
Raleigh,United States,35.8324,-78.6429,5,4,5,4,0,0,35.8324,16.165
Rangapukur,Bangladesh,25.5206,89.2147,11,5,10,6,1,-1,25.5206,24.974999999999998
Rangoon,Burma,16.795,96.16,12,12,12,12,0,0,16.795,27.700833333333332
Rasht,Iran,37.2744,49.5889,5,4,4,4,1,0,37.2744,15.719999999999999
Raurkela,India,22.2492,84.8828,10,9,10,9,0,0,22.2492,25.8475
Rawalpindi,Pakistan,33.6,73.0333,6,2,6,3,0,-1,33.6,21.65833333333333
Recife,Brazil,-8.0539,-34.8808,12,12,12,12,0,0,8.0539,25.891666666666666
Renqiu,China,38.686,116.084,5,4,5,4,0,0,38.686,13.990833333333333
Reynosa,Mexico,26.0922,-98.2778,10,5,9,5,1,0,26.0922,24.079166666666666
Ribeirão Prêto,Brazil,-21.1776,-47.8101,12,12,12,12,0,0,21.1776,22.99083333333333
Richmond,United States,37.5295,-77.4756,5,4,5,4,0,0,37.5295,15.179166666666667
Riga,Latvia,56.9475,24.1069,0,3,0,2,0,1,56.9475,7.504166666666666
Rio de Janeiro,Brazil,-22.9111,-43.2056,12,12,12,12,0,0,22.9111,23.876666666666665
Riverside,United States,33.9381,-117.3949,5,4,4,4,1,0,33.9381,17.36916666666667
Riyadh,Saudi Arabia,24.65,46.71,2,0,0,0,2,0,24.65,26.396666666666665
Rizhao,China,35.417,119.527,4,4,4,4,0,0,35.417,13.546666666666667
Rochester,United States,43.168,-77.6162,2,3,2,3,0,0,43.168,9.284166666666666
Rome,Italy,41.8931,12.4828,4,4,4,4,0,0,41.8931,15.6925
Rongcheng,China,26.218,104.103,3,4,2,4,1,0,26.218,13.714166666666666
Rongjiawan,China,29.15,113.1024,6,5,6,5,0,0,29.15,18.07
Rosario,Argentina,-32.9575,-60.6394,5,4,5,4,0,0,32.9575,17.7075
Rostov,Russia,47.2225,39.71,3,4,3,4,0,0,47.2225,10.481666666666667
Rotterdam,Netherlands,51.92,4.48,0,3,0,2,0,1,51.92,10.64
Rucheng,China,32.246,120.591,5,4,5,4,0,0,32.246,15.995833333333335
Ruiming,China,25.886,116.027,7,6,7,6,0,0,25.886,19.639166666666668
Rui’an,China,27.7833,120.625,6,5,6,4,0,1,27.7833,18.92833333333333
Rustenburg,South Africa,-25.6667,27.2428,6,6,6,5,0,1,25.6667,18.75583333333333
Ryazan,Russia,54.63,39.7425,1,3,1,3,0,0,54.63,6.164166666666667
Rājkot,India,22.3,70.7833,10,9,10,8,0,1,22.3,26.599166666666665
Rānchi,India,23.36,85.33,8,8,8,6,0,2,23.36,23.541666666666668
Sacramento,United States,38.5677,-121.4685,5,4,4,4,1,0,38.5677,16.843333333333334
Sagamihara,Japan,35.5667,139.3667,4,4,4,4,0,0,35.5667,14.308333333333332
Sahāranpur,India,29.9639,77.5458,7,2,6,2,1,0,29.9639,23.371666666666666
Saint Petersburg,Russia,59.9375,30.3086,0,2,0,1,0,1,59.9375,5.1433333333333335
Saitama,Japan,35.8614,139.6456,5,4,4,4,1,0,35.8614,15.844999999999999
Sakai,Japan,34.5733,135.4831,5,4,4,4,1,0,34.5733,16.4575
Sale,Morocco,34.0333,-6.8,6,4,5,4,1,0,34.0333,18.391666666666666
Salem,India,11.65,78.15,12,12,12,11,0,1,11.65,26.511666666666667
Salt Lake City,United States,40.7776,-111.9311,3,3,2,3,1,0,40.7776,10.655833333333334
Salta,Argentina,-24.7833,-65.4167,0,4,0,4,0,0,24.7833,13.847499999999998
Saltillo,Mexico,25.4231,-100.9919,6,5,5,5,1,0,25.4231,17.616666666666667
Salvador,Brazil,-12.9831,-38.4928,12,12,12,12,0,0,12.9831,25.551666666666666
Salīmpur,India,26.3,83.9167,8,2,8,2,0,0,26.3,25.544166666666666
Samara,Russia,53.2028,50.1408,3,4,2,3,1,1,53.2028,5.59
Samarinda,Indonesia,-0.5,117.1378,12,12,12,12,0,0,0.5,26.810833333333335
Samarkand,Uzbekistan,39.6547,66.9758,5,4,3,4,2,0,39.6547,13.404166666666667
Samsun,Turkey,41.2903,36.3336,3,3,2,3,1,0,41.2903,12.719166666666666
San Antonio,United States,29.4632,-98.5238,7,5,7,5,0,0,29.4632,20.57166666666667
San Diego,United States,32.8313,-117.1222,5,4,4,4,1,0,32.8313,17.018333333333334
San Francisco,United States,37.7558,-122.4449,0,1,0,0,0,1,37.7558,13.225833333333334
San Jose,United States,37.3012,-121.848,3,3,2,3,1,0,37.3012,14.201666666666666
San Jose del Monte,Philippines,14.8139,121.0453,12,12,12,12,0,0,14.8139,27.545
San José,Costa Rica,9.9325,-84.08,4,12,1,12,3,0,9.9325,18.185
San Juan,Puerto Rico,18.3985,-66.061,12,12,12,12,0,0,18.3985,26.041666666666668
San Luis Potosí,Mexico,22.1511,-100.9761,5,6,2,6,3,0,22.1511,17.078333333333333
San Miguel de Tucumán,Argentina,-26.8167,-65.2167,6,5,6,5,0,0,26.8167,17.786666666666665
San Pedro Sula,Honduras,15.5062,-88.0249,12,12,12,12,0,0,15.5062,24.423333333333332
San Salvador,El Salvador,13.6989,-89.1914,12,12,12,12,0,0,13.6989,25.455833333333334
Sanaa,Yemen,15.3483,44.2064,5,9,2,8,3,1,15.3483,18.1375
Sangereng,Indonesia,-6.2889,106.7181,12,12,12,12,0,0,6.2889,26.949166666666667
Sanhe,China,40.0167,117.0833,5,4,5,4,0,0,40.0167,12.955
Sanmenxia,China,34.7732,111.2004,5,4,3,4,2,0,34.7732,12.880833333333333
Sanming,China,26.2634,117.6389,7,5,6,5,1,0,26.2634,19.043333333333333
Santa Cruz,Spain,28.4667,-16.25,6,5,6,5,0,0,28.4667,18.953333333333333
Santa Cruz de la Sierra,Bolivia,-17.7892,-63.1975,12,12,12,12,0,0,17.7892,23.679166666666664
Santa Marta,Colombia,11.2419,-74.2053,12,12,12,12,0,0,11.2419,26.445833333333336
Santiago,Chile,-33.4372,-70.6506,4,4,4,4,0,0,33.4372,15.5675
Santiago,Dominican Republic,19.4572,-70.6889,12,12,12,12,0,0,19.4572,24.66416666666667
Santiago del Estero,Argentina,-27.7833,-64.2667,8,5,8,5,0,0,27.7833,21.85166666666667
Santo André,Brazil,-23.6533,-46.528,7,7,7,7,0,0,23.6533,20.1225
Santo Domingo,Dominican Republic,18.4764,-69.8933,12,12,12,12,0,0,18.4764,25.2925
Santo Domingo Este,Dominican Republic,18.4855,-69.8734,12,12,12,12,0,0,18.4855,26.041666666666668
Sanya,China,18.2533,109.5036,12,12,12,12,0,0,18.2533,24.963333333333335
Sanzhou,China,30.82,108.4,5,4,5,4,0,0,30.82,17.396666666666665
Sapporo,Japan,43.0619,141.3544,2,3,2,2,0,1,43.0619,6.964166666666666
Saratov,Russia,51.53,46.035,3,4,3,4,0,0,51.53,6.7175
Sargodha,Pakistan,32.0836,72.6711,7,1,7,1,0,0,32.0836,24.43166666666667
Seattle,United States,47.6211,-122.3244,2,3,0,3,2,0,47.6211,11.347499999999998
Seberang Jaya,Malaysia,5.3909,100.4104,12,12,12,12,0,0,5.3909,27.6375
Selçuklu,Turkey,37.8814,32.4922,3,4,2,3,1,1,37.8814,12.023333333333333
Semarang,Indonesia,-6.99,110.4225,12,12,12,12,0,0,6.99,26.97083333333333
Sendai,Japan,38.2682,140.8694,4,3,3,3,1,0,38.2682,11.64
Seoul,"Korea, South",37.5667,126.9833,4,4,4,4,0,0,37.5667,12.086666666666666
Serang,Indonesia,-6.12,106.1503,12,12,12,12,0,0,6.12,27.541666666666668
Setagaya,Japan,35.6466,139.6532,5,4,4,4,1,0,35.6466,15.844999999999999
Sevastopol,Ukraine,44.605,33.5225,4,4,3,3,1,1,44.605,12.985
Sevilla,Spain,37.39,-5.99,6,2,6,4,0,-2,37.39,18.949166666666667
Seyhan,Turkey,36.9831,35.3328,6,4,6,4,0,0,36.9831,18.9925
Sha Tin,Hong Kong,22.3802,114.1898,9,9,8,9,1,0,22.3802,23.003333333333334
Shache,China,38.4261,77.25,5,4,5,4,0,0,38.4261,13.178333333333335
Shagamu,Nigeria,6.8333,3.65,12,12,12,12,0,0,6.8333,26.425833333333333
Shah Alam,Malaysia,3.0667,101.55,12,12,12,12,0,0,3.0667,27.685833333333335
Shanghai,China,31.2286,121.4747,6,4,5,4,1,0,31.2286,17.0675
Shangqiu,China,34.415,115.656,5,4,5,4,0,0,34.415,15.354999999999999
Shangrao,China,28.4551,117.9431,6,5,6,5,0,0,28.4551,18.749166666666667
Shangzhou,China,33.8734,109.9186,3,4,3,4,0,0,33.8734,11.768333333333333
Shanhu,China,29.6,120.8167,5,4,5,4,0,0,29.6,16.624166666666667
Shantou,China,23.354,116.682,8,8,8,8,0,0,23.354,22.055833333333336
Shanwei,China,22.7872,115.3756,9,9,8,9,1,0,22.7872,22.924166666666665
Shaoguan,China,24.811,113.597,7,6,7,6,0,0,24.811,20.13
Shaoxing,China,30.0511,120.5833,6,4,5,4,1,0,30.0511,17.664166666666667
Shaoyang,China,27.2395,111.4679,5,5,5,5,0,0,27.2395,17.358333333333334
Sharjah,United Arab Emirates,25.3575,55.3908,7,1,6,1,1,0,25.3575,28.050833333333333
Sheffield,United Kingdom,53.3808,-1.4703,0,2,0,0,0,2,53.3808,9.369166666666667
Shengli,China,37.434,118.6746,5,4,5,4,0,0,37.434,13.685
Shenyang,China,41.8025,123.4281,3,4,3,4,0,0,41.8025,9.068333333333333
Shenzhen,China,22.5415,114.0596,9,9,9,9,0,0,22.5415,23.145
Shenzhou,China,38.002,115.56,5,4,5,4,0,0,38.002,14.4125
Shibīn al Qanāţir,Egypt,30.3127,31.3202,8,5,8,5,0,0,30.3127,22.180833333333336
Shihezi,China,44.3054,86.0804,3,4,3,4,0,0,44.3054,8.428333333333333
Shijiazhuang,China,38.0425,114.51,5,4,5,4,0,0,38.0425,14.0875
Shiliguri,India,26.71,88.43,10,5,10,5,0,0,26.71,23.6825
Shishi,China,24.7167,118.7,8,7,8,7,0,0,24.7167,21.604166666666668
Shiyan,China,32.629,110.7987,5,4,5,4,0,0,32.629,15.649166666666666
Shizuoka,Japan,34.9756,138.3828,5,4,4,4,1,0,34.9756,15.777499999999998
Shouguang,China,36.857,118.791,5,4,5,4,0,0,36.857,13.8425
Shuangqiao,China,35.067,112.602,5,4,5,4,0,0,35.067,14.44
Shuangyashan,China,46.6762,131.1416,3,3,3,3,0,0,46.6762,4.154166666666667
Shubrā al Khaymah,Egypt,30.1286,31.2422,8,5,8,5,0,0,30.1286,22.180833333333336
Shuizhai,China,33.4658,114.8753,5,4,5,4,0,0,33.4658,15.814166666666665
Shuozhou,China,39.3317,112.4329,3,3,2,3,1,0,39.3317,6.800833333333333
Shuyangzha,China,34.1299,118.7734,5,4,5,4,0,0,34.1299,14.898333333333333
Shymkent,Kazakhstan,42.3167,69.5958,5,4,4,4,1,0,42.3167,13.160833333333334
Shīrāz,Iran,29.61,52.5425,0,1,0,1,0,0,29.61,16.2975
Shīshgarh,India,28.72,79.32,7,2,6,2,1,0,28.72,24.3425
Sialkot City,Pakistan,32.4925,74.5311,6,2,6,2,0,0,32.4925,23.1125
Sihui,China,23.3265,112.7338,8,8,8,8,0,0,23.3265,22.575
Sincan,Turkey,39.9594,32.5767,3,4,3,3,0,1,39.9594,12.165
Singapore,Singapore,1.3,103.8,12,12,12,12,0,0,1.3,27.09583333333333
Sinnūris,Egypt,29.4072,30.8667,5,2,7,3,-2,-1,29.4072,23.0125
Siping,China,43.1668,124.3506,3,4,3,4,0,0,43.1668,7.2475
Sizhan,China,38.9846,106.3828,3,4,3,4,0,0,38.9846,9.475833333333334
Soacha,Colombia,4.5872,-74.2214,0,4,0,2,0,2,4.5872,14.784999999999998
Sofia,Bulgaria,42.6979,23.3217,2,3,1,3,1,0,42.6979,9.583333333333334
Soledad,Colombia,10.9167,-74.75,12,12,12,12,0,0,10.9167,27.0775
Solāpur,India,17.68,75.92,9,9,8,8,1,1,17.68,27.546666666666667
Somolu,Nigeria,6.5408,3.3872,12,12,12,12,0,0,6.5408,26.765
Songjiang,China,31.0058,121.2333,6,4,5,4,1,0,31.0058,17.118333333333332
Songyang,China,34.4553,113.0253,5,4,5,4,0,0,34.4553,13.8925
Songzi,China,30.174,111.757,5,4,5,4,0,0,30.174,17.444166666666664
Sorocaba,Brazil,-23.5019,-47.4578,10,8,8,8,2,0,23.5019,20.970833333333335
Southampton,United Kingdom,50.9025,-1.4042,0,3,0,2,0,1,50.9025,10.719166666666666
Soweto,South Africa,-26.2678,27.8585,4,5,4,5,0,0,26.2678,16.204166666666666
Srīnagar,India,34.09,74.79,3,4,3,3,0,1,34.09,11.301666666666668
St. Louis,United States,38.6359,-90.2451,5,4,5,4,0,0,38.6359,13.536666666666667
Stockholm,Sweden,59.3275,18.0547,0,2,0,2,0,0,59.3275,7.008333333333333
Stuttgart,Germany,48.7775,9.18,2,3,0,3,2,0,48.7775,9.840833333333334
Suez,Egypt,29.9667,32.5333,8,4,8,5,0,-1,29.9667,22.34583333333333
Suginami-ku,Japan,35.6994,139.6364,5,4,4,4,1,0,35.6994,15.844999999999999
Suihua,China,46.654,126.969,3,3,3,3,0,0,46.654,3.47
Suining,China,30.533,105.593,6,5,5,4,1,1,30.533,18.395833333333332
Sumedang,Indonesia,-6.84,107.9208,12,12,12,12,0,0,6.84,25.3275
Sungai Petani,Malaysia,5.6497,100.4793,12,12,12,12,0,0,5.6497,27.64833333333333
Suohe,China,34.7833,113.35,5,4,5,4,0,0,34.7833,14.805833333333332
Supaul,India,26.126,86.605,9,4,9,4,0,0,26.126,25.382499999999997
Suqian,China,33.963,118.275,5,4,5,4,0,0,33.963,15.1275
Surabaya,Indonesia,-7.2458,112.7378,12,12,12,12,0,0,7.2458,28.17833333333333
Surakarta,Indonesia,-7.5667,110.8167,12,12,12,12,0,0,7.5667,25.4225
Surrey,Canada,49.19,-122.8489,0,2,0,2,0,0,49.19,9.374166666666667
Suwon,"Korea, South",37.2667,127.0167,4,4,4,4,0,0,37.2667,12.373333333333333
Suzhou,China,33.648,116.964,5,4,5,4,0,0,33.648,15.375833333333333
Sydney,Australia,-33.8667,151.2,6,4,6,4,0,0,33.8667,18.045833333333334
São Bernardo do Campo,Brazil,-23.6939,-46.565,7,7,7,7,0,0,23.6939,20.1225
São Gonçalo,Brazil,-22.8269,-43.0539,12,12,12,12,0,0,22.8269,23.871666666666666
São José dos Campos,Brazil,-23.1789,-45.8869,8,8,8,8,0,0,23.1789,20.465833333333332
São Luís,Brazil,-2.53,-44.3028,12,12,12,12,0,0,2.53,26.828333333333333
São Paulo,Brazil,-23.5504,-46.6339,8,8,7,7,1,1,23.5504,20.06416666666667
Sŏngnam,"Korea, South",37.4333,127.15,4,4,4,4,0,0,37.4333,11.76
Sūrat,India,21.205,72.84,12,12,12,12,0,0,21.205,26.953333333333333
Tabrīz,Iran,38.0817,46.2992,3,4,2,3,1,1,38.0817,10.859166666666667
Tabūk,Saudi Arabia,28.3972,36.5789,1,0,1,1,0,-1,28.3972,21.761666666666667
Taguig City,Philippines,14.52,121.05,12,12,12,12,0,0,14.52,27.90416666666667
Taichung,Taiwan,24.1439,120.6794,8,8,8,7,0,1,24.1439,21.912499999999998
Taihe,China,30.871,105.388,6,4,5,4,1,0,30.871,18.00166666666667
Taihecun,China,45.771,131.003,3,3,2,3,1,0,45.771,3.653333333333333
Tainan,Taiwan,22.9833,120.1833,11,12,10,11,1,1,22.9833,24.61
Taipei,Taiwan,25.0375,121.5625,8,6,7,6,1,0,25.0375,21.254166666666666
Taishan,China,22.252,112.794,9,9,9,9,0,0,22.252,22.912499999999998
Taixing,China,32.159,120.029,5,4,5,4,0,0,32.159,16.125833333333333
Taiyuan,China,37.8704,112.5497,3,4,3,4,0,0,37.8704,10.6925
Taizhou,China,32.4567,119.9229,5,4,5,4,0,0,32.4567,15.885
Tai’an,China,36.202,117.087,5,4,5,4,0,0,36.202,13.146666666666667
Talatona,Angola,-8.9167,13.1833,12,12,12,12,0,0,8.9167,25.370833333333334
Tallinn,Estonia,59.4372,24.7453,0,2,0,2,0,0,59.4372,6.390833333333333
Tamale,Ghana,9.4075,-0.8533,8,7,8,8,0,-1,9.4075,28.53333333333333
Tampa,United States,27.9945,-82.4447,9,5,8,5,1,0,27.9945,22.378333333333334
Tangerang,Indonesia,-6.1703,106.6403,12,12,12,12,0,0,6.1703,26.949166666666667
Tangier,Morocco,35.7767,-5.8039,6,4,5,4,1,0,35.7767,18.154166666666665
Tangshan,China,39.6294,118.1739,5,4,5,4,0,0,39.6294,12.189166666666665
Tashkent,Uzbekistan,41.3111,69.2797,5,4,5,4,0,0,41.3111,13.9975
Tasikmalaya,Indonesia,-7.3161,108.1975,12,12,12,12,0,0,7.3161,22.992500000000003
Tbilisi,Georgia,41.7225,44.7925,3,3,2,3,1,0,41.7225,10.153333333333334
Tegucigalpa,Honduras,14.1057,-87.204,12,12,12,12,0,0,14.1057,21.743333333333336
Tehran,Iran,35.6889,51.3897,0,2,0,2,0,0,35.6889,12.040833333333333
Tengyue,China,25.0167,98.4833,5,6,5,5,0,1,25.0167,16.156666666666666
Teresina,Brazil,-5.0903,-42.8167,12,10,12,12,0,-2,5.0903,28.184166666666666
Thanh Hóa,Vietnam,19.8075,105.7764,11,12,9,12,2,0,19.8075,24.620833333333334
The Hague,Netherlands,52.08,4.31,0,3,0,2,0,1,52.08,10.769166666666665
Thessaloníki,Greece,40.6403,22.9356,5,4,4,4,1,0,40.6403,15.055833333333332
Thiruvananthapuram,India,8.5241,76.9366,12,12,12,12,0,0,8.5241,26.245
Thāne,India,19.1972,72.9722,12,12,12,12,0,0,19.1972,26.959999999999997
Thủ Đức,Vietnam,10.8266,106.7609,12,12,12,12,0,0,10.8266,27.633333333333336
Tianchang,China,32.6811,119.0137,5,4,5,4,0,0,32.6811,15.920833333333334
Tianjin,China,39.1336,117.2054,5,4,5,4,0,0,39.1336,13.545
Tieling,China,42.2237,123.726,3,4,3,4,0,0,42.2237,8.458333333333334
Tijuana,Mexico,32.525,-117.0333,3,4,3,4,0,0,32.525,16.517500000000002
Tilburg,Netherlands,51.5572,5.0911,0,3,0,3,0,0,51.5572,10.774166666666666
Tiruppūr,India,11.1085,77.3411,12,11,12,11,0,0,11.1085,27.123333333333335
Tlalnepantla,Mexico,19.5367,-99.1947,0,5,0,3,0,2,19.5367,14.706666666666665
Tlaquepaque,Mexico,20.6167,-103.3167,8,12,8,12,0,0,20.6167,20.410833333333333
Tokyo,Japan,35.687,139.7495,5,4,4,4,1,0,35.687,15.844999999999999
Toluca,Mexico,19.2925,-99.6569,0,0,0,0,0,0,19.2925,12.575833333333334
Tolyatti,Russia,53.5089,49.4222,3,3,1,3,2,0,53.5089,5.509166666666666
Tomsk,Russia,56.5,84.9667,1,3,0,2,1,1,56.5,1.0683333333333331
Tonalá,Mexico,20.6167,-103.2333,8,12,8,12,0,0,20.6167,20.410833333333333
Tondo,Philippines,14.617,120.967,12,12,12,12,0,0,14.617,27.90416666666667
Tongchuan,China,34.897,108.945,4,4,3,4,1,0,34.897,12.741666666666667
Tongjin,"Korea, South",37.2333,127.2,4,4,4,4,0,0,37.2333,12.183333333333332
Tongliao,China,43.654,122.243,3,4,3,4,0,0,43.654,7.911666666666666
Tongling,China,30.9456,117.8114,5,4,5,4,0,0,30.9456,17.06416666666667
Tongren,China,27.7316,109.1895,5,5,5,5,0,0,27.7316,16.592499999999998
Tongshan,China,34.261,117.1859,5,4,5,4,0,0,34.261,15.076666666666666
Toronto,Canada,43.7417,-79.3733,2,3,2,3,0,0,43.7417,8.280833333333332
Touba,Senegal,14.8667,-15.8833,9,9,9,8,0,1,14.8667,27.3475
Toulouse,France,43.6045,1.444,4,4,2,3,2,1,43.6045,13.816666666666668
Trichinopoly,India,10.7903,78.7047,10,7,9,8,1,-1,10.7903,29.2825
Tripoli,Libya,32.8872,13.1914,7,4,7,4,0,0,32.8872,20.311666666666667
Trujillo,Peru,-8.112,-79.0288,8,12,8,12,0,0,8.112,20.059166666666666
Tshikapa,Congo (Kinshasa),-6.4167,20.8,12,12,12,12,0,0,6.4167,25.253333333333334
Tucson,United States,32.1541,-110.8787,1,0,3,1,-2,-1,32.1541,20.98
Tulsa,United States,36.1283,-95.9042,5,4,5,4,0,0,36.1283,16.034166666666668
Tultitlán de Mariano Escobedo,Mexico,19.645,-99.1694,1,7,0,6,1,1,19.645,16.041666666666668
Tumkūr,India,13.34,77.1,12,12,12,12,0,0,13.34,24.166666666666668
Tunis,Tunisia,36.8064,10.1817,6,4,5,4,1,0,36.8064,18.898333333333333
Turin,Italy,45.0792,7.6761,4,4,3,4,1,0,45.0792,13.045833333333334
Turpan,China,42.9512,89.1895,1,1,1,1,0,0,42.9512,13.89
Tuticorin,India,8.8056,78.145,12,12,12,12,0,0,8.8056,27.41
Tuxtla,Mexico,16.7528,-93.1167,12,12,11,12,1,0,16.7528,21.853333333333335
Tyumen,Russia,57.15,65.5333,1,3,1,3,0,0,57.15,2.1483333333333334
Tân An,Vietnam,10.905,106.6994,12,12,12,12,0,0,10.905,27.644166666666667
Uberlândia,Brazil,-18.9189,-48.2769,12,12,12,12,0,0,18.9189,22.486666666666668
Ubungo,Tanzania,-6.7889,39.2056,12,12,12,12,0,0,6.7889,25.97
Ufa,Russia,54.7261,55.9475,1,3,1,3,0,0,54.7261,4.349166666666666
Ujjain,India,23.17,75.79,8,6,7,6,1,0,23.17,25.397499999999997
Ulaanbaatar,Mongolia,47.9214,106.9055,0,1,0,1,0,0,47.9214,-1.6624999999999999
Ulhāsnagar,India,19.22,73.15,12,12,12,12,0,0,19.22,26.855
Ulsan,"Korea, South",35.55,129.3167,4,4,4,4,0,0,35.55,14.36
Ulyanovsk,Russia,54.3167,48.3667,1,3,1,3,0,0,54.3167,5.359166666666667
Umraniye,Turkey,41.0311,29.1081,4,4,4,4,0,0,41.0311,14.866666666666667
Utsunomiya,Japan,36.555,139.8825,4,4,4,4,0,0,36.555,14.7475
Uvira,Congo (Kinshasa),-3.4,29.15,12,12,12,12,0,0,3.4,23.868333333333336
Uyo,Nigeria,5.0333,7.9275,12,12,12,12,0,0,5.0333,26.160833333333333
Vadodara,India,22.3,73.2,9,9,9,8,0,1,22.3,27.45583333333333
Valencia,Spain,39.47,-0.3764,6,4,4,4,2,0,39.47,17.531666666666666
Valencia,Venezuela,10.1833,-68.0,12,12,12,12,0,0,10.1833,23.355
Valenzuela,Philippines,14.7,120.98,12,12,12,12,0,0,14.7,27.545
Valledupar,Colombia,10.4833,-73.25,12,12,12,12,0,0,10.4833,23.756666666666664
Van,Turkey,38.4942,43.38,2,3,2,3,0,0,38.4942,7.8675
Vancouver,Canada,49.25,-123.1,0,2,0,2,0,0,49.25,9.6075
Vasai-Virar,India,19.47,72.8,12,12,12,12,0,0,19.47,26.7375
Vienna,Austria,48.2083,16.3725,3,4,2,3,1,1,48.2083,10.4975
Vientiane,Laos,17.98,102.63,12,12,12,12,0,0,17.98,26.525833333333335
Vijayavāda,India,16.5193,80.6305,11,11,11,11,0,0,16.5193,28.406666666666666
Villavicencio,Colombia,4.15,-73.6333,1,12,0,12,1,0,4.15,18.107499999999998
Vilnius,Lithuania,54.6872,25.28,0,3,0,3,0,0,54.6872,7.04
Vinh,Vietnam,18.6667,105.6667,11,12,11,12,0,0,18.6667,25.144166666666667
Virginia Beach,United States,36.7335,-76.0435,5,4,4,4,1,0,36.7335,15.821666666666665
Vishākhapatnam,India,17.7042,83.2978,12,12,12,12,0,0,17.7042,27.36
Vladivostok,Russia,43.115,131.8853,1,2,1,2,0,0,43.115,6.1258333333333335
Volgograd,Russia,48.7086,44.5147,3,4,3,4,0,0,48.7086,9.065
Voronezh,Russia,51.6717,39.2106,3,4,1,3,2,1,51.6717,7.405
Vārānasi,India,25.3189,83.0128,7,2,7,3,0,-1,25.3189,25.986666666666665
Wafangdian,China,39.6271,121.9796,4,4,3,4,1,0,39.6271,10.35
Wancheng,China,18.8,110.4,12,12,12,12,0,0,18.8,25.325
Warangal,India,17.9689,79.5941,10,9,9,9,1,0,17.9689,27.564999999999998
Warsaw,Poland,52.23,21.0111,2,3,0,3,2,0,52.23,8.953333333333333
Washington,United States,38.9047,-77.0163,4,4,4,4,0,0,38.9047,13.841666666666667
Weichanglu,China,37.1792,119.9333,5,4,4,4,1,0,37.1792,13.275
Weifang,China,36.708,119.162,5,4,5,4,0,0,36.708,13.714166666666666
Weihai,China,37.5133,122.1205,4,3,4,3,0,0,37.5133,12.545
Weinan,China,34.5206,109.471,5,4,5,4,0,0,34.5206,15.246666666666668
Wenchang,China,31.0358,116.9367,5,4,5,4,0,0,31.0358,16.433333333333334
Wencheng,China,19.617,110.7551,12,12,12,12,0,0,19.617,25.09166666666667
Wenlan,China,23.3961,103.3649,6,6,6,6,0,0,23.3961,17.92833333333333
Wenling,China,28.3667,121.3667,6,5,6,4,0,1,28.3667,18.916666666666668
Wenzhou,China,27.9938,120.6993,6,5,6,4,0,1,27.9938,18.4825
Wichita,United States,37.6895,-97.3443,5,4,5,4,0,0,37.6895,13.920833333333334
Winnipeg,Canada,49.8844,-97.1464,2,3,2,3,0,0,49.8844,3.1541666666666663
Wrocław,Poland,51.11,17.0325,2,3,0,3,2,0,51.11,9.585833333333333
Wuchang,China,44.924,127.158,3,3,3,3,0,0,44.924,4.680833333333333
Wuchuan,China,21.441,110.779,9,12,9,11,0,1,21.441,23.903333333333336
Wugang,China,26.7266,110.6319,5,5,5,5,0,0,26.7266,17.1375
Wuhai,China,39.655,106.794,3,4,3,4,0,0,39.655,9.221666666666666
Wuhan,China,30.5934,114.3046,6,4,5,4,1,0,30.5934,17.826666666666668
Wuhu,China,31.3526,118.4331,5,4,5,4,0,0,31.3526,17.029166666666665
Wusong,China,30.945,117.811,5,4,5,4,0,0,30.945,17.06416666666667
Wutong,China,30.6333,120.5333,6,4,5,4,1,0,30.6333,17.290833333333335
Wuwei,China,37.929,102.638,3,4,3,4,0,0,37.929,9.008333333333335
Wuxi,China,31.5667,120.2833,6,4,5,4,1,0,31.5667,16.960833333333333
Wuxue,China,29.844,115.561,6,4,5,4,1,0,29.844,17.5225
Wuzhong,China,37.9978,106.1986,3,4,3,4,0,0,37.9978,11.155833333333334
Wuzhou,China,23.4767,111.279,8,8,8,7,0,1,23.4767,22.218333333333334
Wu’an,China,36.697,114.204,5,4,5,4,0,0,36.697,13.903333333333334
Xiamen,China,24.4796,118.0889,8,7,8,7,0,0,24.4796,21.520833333333332
Xiangtan,China,27.8313,112.9454,7,5,6,5,1,0,27.8313,18.67833333333333
Xiangxiang,China,27.7186,112.5502,6,5,6,5,0,0,27.7186,18.1675
Xiangyang,China,32.01,112.122,5,4,5,4,0,0,32.01,16.515833333333333
Xiantao,China,30.328,113.443,6,4,5,4,1,0,30.328,17.535
Xianyang,China,34.3299,108.7088,5,4,5,4,0,0,34.3299,14.964999999999998
Xiaoganzhan,China,30.918,113.957,5,4,5,4,0,0,30.918,16.980833333333333
Xiaoxita,China,30.692,111.287,5,4,5,4,0,0,30.692,16.555
Xiashi,China,30.5333,120.6833,6,4,6,4,0,0,30.5333,17.438333333333333
Xibeijie,China,39.7334,98.4943,3,4,2,3,1,1,39.7334,8.100833333333334
Xichang,China,27.8944,102.2644,3,4,2,4,1,0,27.8944,13.433333333333332
Xigazê,China,29.25,88.8833,0,0,0,0,0,0,29.25,5.62
Ximeicun,China,24.9612,118.3849,8,6,7,6,1,0,24.9612,21.56
Xindi,China,29.827,113.476,6,5,5,4,1,1,29.827,17.870833333333334
Xingcheng,China,24.1347,115.73,8,7,7,7,1,0,24.1347,21.614166666666666
Xingtai,China,37.0717,114.5048,5,4,5,4,0,0,37.0717,14.380833333333333
Xingyi,China,25.092,104.8955,6,6,6,6,0,0,25.092,18.031666666666666
Xinhualu,China,34.3964,113.7402,5,4,5,4,0,0,34.3964,15.381666666666668
Xining,China,36.6224,101.7804,0,1,0,0,0,1,36.6224,4.1674999999999995
Xinji,China,37.943,115.218,5,4,5,4,0,0,37.943,14.424999999999999
Xinmin,China,41.997,122.823,3,4,3,4,0,0,41.997,9.15
Xinpu,China,34.5966,119.2214,5,4,5,4,0,0,34.5966,14.74
Xinshi,China,31.1333,113.1167,5,4,5,4,0,0,31.1333,16.305
Xintai,China,35.909,117.768,5,4,4,4,1,0,35.909,12.854999999999999
Xinxing,China,39.8667,124.15,3,3,3,3,0,0,39.8667,10.2775
Xinyang,China,32.149,114.091,5,4,5,4,0,0,32.149,15.667499999999999
Xinyi,China,22.3549,110.9468,8,9,8,9,0,0,22.3549,21.605833333333333
Xinyu,China,27.8186,114.9167,7,5,6,5,1,0,27.8186,18.896666666666665
Xinzhou,China,38.416,112.734,3,4,3,4,0,0,38.416,9.226666666666667
Xin’an,China,34.286,118.355,5,4,5,4,0,0,34.286,14.954166666666666
Xiping,China,25.6005,103.8166,4,5,3,5,1,0,25.6005,14.935
Xishan,China,27.6461,113.497,7,5,6,5,1,0,27.6461,18.609166666666667
Xi’an,China,34.2611,108.9422,5,4,5,4,0,0,34.2611,14.9625
Xuanzhou,China,30.939,118.759,5,4,5,4,0,0,30.939,16.934166666666666
Xushan,China,30.1667,121.2333,6,4,6,4,0,0,30.1667,17.7275
Yancheng,China,33.35,120.1569,5,4,5,4,0,0,33.35,15.403333333333334
Yangchun,China,22.1704,111.7916,8,9,8,9,0,0,22.1704,21.956666666666667
Yanggok,"Korea, South",37.6333,127.2167,4,4,4,4,0,0,37.6333,11.125833333333334
Yangjiang,China,21.857,111.983,9,11,9,9,0,2,21.857,23.474999999999998
Yangquan,China,37.8571,113.5804,3,4,3,4,0,0,37.8571,9.320833333333333
Yangshe,China,31.8767,120.556,5,4,5,4,0,0,31.8767,16.330000000000002
Yangzhou,China,32.3944,119.4128,5,4,5,4,0,0,32.3944,16.0075
Yanji,China,42.9,129.5,2,3,2,3,0,0,42.9,5.510833333333333
Yanjiang,China,30.129,104.627,6,5,5,5,1,0,30.129,18.063333333333333
Yantai,China,37.4646,121.4478,4,4,4,4,0,0,37.4646,12.7875
Yan’an,China,36.65,109.494,3,4,3,4,0,0,36.65,10.314166666666667
Yaoundé,Cameroon,3.8667,11.5167,12,12,12,12,0,0,3.8667,23.326666666666668
Yaroslavl,Russia,57.6167,39.85,1,3,0,3,1,0,57.6167,4.795833333333333
Yatou,China,37.1653,122.4867,4,4,4,3,0,1,37.1653,12.583333333333334
Yazd,Iran,31.8822,54.3397,0,1,0,1,0,0,31.8822,18.669166666666666
Yekaterinburg,Russia,56.8356,60.6128,0,3,0,2,0,1,56.8356,2.4099999999999997
Yenimahalle,Turkey,39.9719,32.8119,3,4,3,3,0,1,39.9719,11.808333333333332
Yerevan,Armenia,40.1814,44.5144,3,3,2,3,1,0,40.1814,9.413333333333332
Yibin,China,28.752,104.643,7,5,6,5,1,0,28.752,18.57166666666667
Yicheng,China,31.36,119.815,5,4,5,4,0,0,31.36,16.760833333333334
Yichun,China,27.816,114.417,6,5,6,5,0,0,27.816,17.99
Yinchuan,China,38.485,106.225,3,4,3,4,0,0,38.485,10.030833333333334
Yingcheng,China,24.21,113.401,7,7,7,7,0,0,24.21,21.2025
Yingchuan,China,34.142,113.489,5,4,5,4,0,0,34.142,15.103333333333333
Yingkou,China,40.625,122.219,4,4,4,4,0,0,40.625,10.305833333333332
Yingtan,China,28.2721,117.0395,7,5,6,5,1,0,28.2721,19.4325
Yiwu,China,29.3069,120.0753,6,5,5,4,1,1,29.3069,18.059166666666666
Yiyang,China,28.5549,112.356,6,5,5,5,1,0,28.5549,17.843333333333334
Yokohama,Japan,35.4442,139.6381,5,4,4,4,1,0,35.4442,16.194166666666668
Yongcheng,China,33.9299,116.45,5,4,5,4,0,0,33.9299,15.375
Yongzhou,China,26.42,111.613,7,5,6,5,1,0,26.42,18.781666666666666
Yopougon,Côte d’Ivoire,5.3748,-4.0867,12,12,12,12,0,0,5.3748,26.04416666666667
Yucheng,China,30.01,103.0415,5,4,4,4,1,0,30.01,14.635833333333332
Yuci,China,37.6823,112.7281,3,4,3,4,0,0,37.6823,10.5825
Yueyang,China,29.3647,113.1309,6,5,5,4,1,1,29.3647,17.828333333333333
Yuhuan,China,28.1277,121.2288,6,5,6,4,0,1,28.1277,18.916666666666668
Yukarıkaraman,Turkey,36.9167,30.6833,5,2,5,2,0,0,36.9167,18.4025
Yulin,China,22.654,110.181,8,9,8,9,0,0,22.654,21.930833333333336
Yulinshi,China,38.2858,109.7341,3,4,3,4,0,0,38.2858,9.669166666666667
Yuncheng,China,35.0267,111.007,5,4,5,4,0,0,35.0267,14.410833333333334
Yunfu,China,22.9152,112.0445,8,9,8,8,0,1,22.9152,22.121666666666666
Yushan,China,31.322,120.985,6,4,5,4,1,0,31.322,16.970000000000002
Yushu,China,44.826,126.55,3,4,3,3,0,1,44.826,5.4025
Yutan,China,28.278,112.552,6,5,5,5,1,0,28.278,18.003333333333334
Yuxi,China,24.347,102.527,6,6,5,5,1,1,24.347,17.089166666666667
Yuyao,China,30.05,121.15,6,4,5,4,1,0,30.05,17.388333333333332
Yıldırım,Turkey,40.11,29.0821,2,3,2,3,0,0,40.11,11.4125
Zagreb,Croatia,45.8131,15.9772,3,4,3,4,0,0,45.8131,11.951666666666668
Zamboanga City,Philippines,6.9042,122.0761,12,12,12,12,0,0,6.9042,26.290000000000003
Zaoyang,China,32.129,112.772,5,4,5,4,0,0,32.129,16.31
Zaozhuang,China,34.8109,117.3238,5,4,5,4,0,0,34.8109,14.863333333333335
Zapopan,Mexico,20.7167,-103.4,9,12,8,11,1,1,20.7167,20.671666666666667
Zaporizhzhia,Ukraine,47.85,35.1175,3,4,3,4,0,0,47.85,10.345
Zaragoza,Spain,41.65,-0.8833,5,4,4,4,1,0,41.65,16.064166666666665
Zhangjiajie,China,29.117,110.479,5,4,5,4,0,0,29.117,16.0025
Zhangjiakou,China,40.769,114.886,3,4,3,4,0,0,40.769,7.679166666666667
Zhangye,China,38.9248,100.4499,3,4,2,3,1,1,38.9248,8.281666666666666
Zhangzhou,China,24.513,117.647,8,7,7,7,1,0,24.513,21.742500000000003
Zhanjiang,China,21.2701,110.3575,9,12,9,11,0,1,21.2701,23.900833333333335
Zhaodong,China,46.051,125.962,3,4,3,3,0,1,46.051,4.803333333333334
Zhaoqing,China,23.05,112.4667,8,9,8,8,0,1,23.05,22.489166666666666
Zhaotong,China,27.338,103.717,2,4,2,4,0,0,27.338,12.092500000000001
Zhengzhou,China,34.764,113.684,5,4,5,4,0,0,34.764,15.410000000000002
Zhenjiang,China,32.188,119.424,5,4,5,4,0,0,32.188,16.179166666666667
Zhenzhou,China,32.2723,119.1848,5,4,5,4,0,0,32.2723,16.1275
Zhongba,China,31.771,104.755,5,4,5,4,0,0,31.771,15.908333333333333
Zhongshan,China,22.517,113.3925,9,9,9,9,0,0,22.517,23.435833333333335
Zhongshu,China,27.7919,106.4013,5,4,5,4,0,0,27.7919,15.091666666666667
Zhongwei,China,37.5002,105.1968,3,4,3,4,0,0,37.5002,10.865833333333335
Zhongxiang,China,31.168,112.588,5,4,5,4,0,0,31.168,16.895833333333332
Zhoukou,China,33.6367,114.7014,5,4,5,4,0,0,33.6367,15.743333333333332
Zhoushan,China,29.9856,122.2074,6,4,5,4,1,0,29.9856,17.220833333333335
Zhuanghe,China,39.681,122.967,4,4,4,4,0,0,39.681,10.335
Zhufeng,China,36.0,119.4167,5,4,4,4,1,0,36.0,13.466666666666667
Zhuhai,China,22.2742,113.5719,9,10,9,9,0,1,22.2742,23.355
Zhuji,China,29.7167,120.2333,6,4,5,4,1,0,29.7167,17.461666666666666
Zhumadian,China,33.014,114.022,5,4,5,4,0,0,33.014,15.874166666666667
Zhuozhou,China,39.485,115.974,5,4,5,4,0,0,39.485,13.163333333333334
Zhuzhou,China,27.829,113.133,7,5,6,5,1,0,27.829,18.72
Zibo,China,36.8138,118.055,5,4,5,4,0,0,36.8138,13.674999999999999
Zigong,China,29.339,104.779,7,5,6,5,1,0,29.339,18.558333333333334
Zijinglu,China,34.7667,112.9667,5,4,5,4,0,0,34.7667,14.679166666666667
Zouping,China,36.863,117.743,5,4,5,4,0,0,36.863,13.49
Zunhua,China,40.189,117.966,4,4,3,4,1,0,40.189,10.716666666666667
Zunyi,China,27.722,107.031,5,4,5,4,0,0,27.722,15.3825
Zāhedān,Iran,29.5025,60.8558,0,0,0,1,0,-1,29.5025,18.9375
Çankaya,Turkey,39.9244,32.8856,3,4,2,3,1,1,39.9244,11.370833333333332
Ürümqi,China,43.8225,87.6125,3,4,3,3,0,1,43.8225,6.861666666666667
Āgra,India,27.18,78.02,6,2,6,2,0,0,27.18,25.22
Āqchah,Afghanistan,36.9114,66.1858,2,0,2,1,0,-1,36.9114,19.000833333333333
Āsansol,India,23.68,86.99,10,9,9,7,1,2,23.68,25.465
İzmir,Turkey,38.42,27.14,5,4,4,4,1,0,38.42,16.486666666666668
Łódź,Poland,51.7769,19.4547,2,3,0,3,2,0,51.7769,8.830833333333333
Ōsaka,Japan,34.6939,135.5022,6,4,4,4,2,0,34.6939,16.530833333333334
Ōta-ku,Japan,35.5614,139.7161,5,4,4,4,1,0,35.5614,16.194166666666668
Şanlıurfa,Turkey,37.1583,38.7917,3,1,2,1,1,0,37.1583,17.705833333333334
Ţūkh,Egypt,30.3549,31.2011,8,5,8,5,0,0,30.3549,22.180833333333336
Ḩalwān,Egypt,29.8493,31.3327,6,2,7,4,-1,-2,29.8493,22.55666666666667
Ḩamāh,Syria,35.1503,36.73,6,4,6,4,0,0,35.1503,18.662499999999998
